<metadata xml:lang="en"><Esri><CreaDate>20200714</CreaDate><CreaTime>13445000</CreaTime><ArcGISFormat>1.0</ArcGISFormat><SyncOnce>FALSE</SyncOnce><DataProperties><itemProps><itemName Sync="TRUE">CensusTracts</itemName><imsContentType Sync="TRUE">002</imsContentType><itemLocation><linkage Sync="TRUE">file://\\S1-LIB-JMADRON\C$\Users\jmadron\Desktop\HOLC_CensusTracts\CensusTracts.shp</linkage><protocol Sync="TRUE">Local Area Network</protocol></itemLocation><itemSize Sync="TRUE">0.000</itemSize></itemProps><coordRef><type Sync="TRUE">Projected</type><geogcsn Sync="TRUE">GCS_WGS_1984</geogcsn><csUnits Sync="TRUE">Linear Unit: Meter (1.000000)</csUnits><projcsn Sync="TRUE">WGS_1984_Web_Mercator_Auxiliary_Sphere</projcsn><peXml Sync="TRUE">&lt;ProjectedCoordinateSystem xsi:type='typens:ProjectedCoordinateSystem' xmlns:xsi='http://www.w3.org/2001/XMLSchema-instance' xmlns:xs='http://www.w3.org/2001/XMLSchema' xmlns:typens='http://www.esri.com/schemas/ArcGIS/2.6.0'&gt;&lt;WKT&gt;PROJCS[&amp;quot;WGS_1984_Web_Mercator_Auxiliary_Sphere&amp;quot;,GEOGCS[&amp;quot;GCS_WGS_1984&amp;quot;,DATUM[&amp;quot;D_WGS_1984&amp;quot;,SPHEROID[&amp;quot;WGS_1984&amp;quot;,6378137.0,298.257223563]],PRIMEM[&amp;quot;Greenwich&amp;quot;,0.0],UNIT[&amp;quot;Degree&amp;quot;,0.0174532925199433]],PROJECTION[&amp;quot;Mercator_Auxiliary_Sphere&amp;quot;],PARAMETER[&amp;quot;False_Easting&amp;quot;,0.0],PARAMETER[&amp;quot;False_Northing&amp;quot;,0.0],PARAMETER[&amp;quot;Central_Meridian&amp;quot;,0.0],PARAMETER[&amp;quot;Standard_Parallel_1&amp;quot;,0.0],PARAMETER[&amp;quot;Auxiliary_Sphere_Type&amp;quot;,0.0],UNIT[&amp;quot;Meter&amp;quot;,1.0],AUTHORITY[&amp;quot;EPSG&amp;quot;,3857]]&lt;/WKT&gt;&lt;XOrigin&gt;-20037700&lt;/XOrigin&gt;&lt;YOrigin&gt;-30241100&lt;/YOrigin&gt;&lt;XYScale&gt;148923141.92838538&lt;/XYScale&gt;&lt;ZOrigin&gt;-100000&lt;/ZOrigin&gt;&lt;ZScale&gt;10000&lt;/ZScale&gt;&lt;MOrigin&gt;-100000&lt;/MOrigin&gt;&lt;MScale&gt;10000&lt;/MScale&gt;&lt;XYTolerance&gt;0.001&lt;/XYTolerance&gt;&lt;ZTolerance&gt;0.001&lt;/ZTolerance&gt;&lt;MTolerance&gt;0.001&lt;/MTolerance&gt;&lt;HighPrecision&gt;true&lt;/HighPrecision&gt;&lt;WKID&gt;102100&lt;/WKID&gt;&lt;LatestWKID&gt;3857&lt;/LatestWKID&gt;&lt;/ProjectedCoordinateSystem&gt;</peXml></coordRef><lineage><Process ToolSource="c:\program files\arcgis\pro\Resources\ArcToolbox\toolboxes\Conversion Tools.tbx\FeatureClassToFeatureClass" Date="20200714" Time="134451">FeatureClassToFeatureClass HOLC_HRS_RECALC C:\Users\jmadron\Documents\ArcGIS\Projects\NCRC_HOLC\NCRC_HOLC.gdb HOLC_HRS_RECALC_Selection # "geoid "geoid" true true false 254 Text 0 0,First,#,HOLC_HRS_RECALC,geoid,0,254;OBJECTID_1 "OBJECTID_1" true true false 4 Long 0 0,First,#,HOLC_HRS_RECALC,OBJECTID_1,-1,-1;GEOID_1 "GEOID" true true false 255 Text 0 0,First,#,HOLC_HRS_RECALC,GEOID_1,0,255;CBSA10 "CBSA10" true true false 4 Long 0 0,First,#,HOLC_HRS_RECALC,CBSA10,-1,-1;CBSA_NAME "CBSA_NAME" true true false 255 Text 0 0,First,#,HOLC_HRS_RECALC,CBSA_NAME,0,255;POP_NUM "POP_NUM" true true false 4 Long 0 0,First,#,HOLC_HRS_RECALC,POP_NUM,-1,-1;MEDIAN_AGE "MEDIAN_AGE" true true false 4 Long 0 0,First,#,HOLC_HRS_RECALC,MEDIAN_AGE,-1,-1;AGE65OVER "AGE65OVER" true true false 8 Double 0 0,First,#,HOLC_HRS_RECALC,AGE65OVER,-1,-1;MINORITY_P "MINORITY_P" true true false 8 Double 0 0,First,#,HOLC_HRS_RECALC,MINORITY_P,-1,-1;POVERTY_PC "POVERTY_PC" true true false 8 Double 0 0,First,#,HOLC_HRS_RECALC,POVERTY_PC,-1,-1;UNINSURED "UNINSURED" true true false 8 Double 0 0,First,#,HOLC_HRS_RECALC,UNINSURED,-1,-1;SVI "SVI" true true false 8 Double 0 0,First,#,HOLC_HRS_RECALC,SVI,-1,-1;LIFE_EXP "LIFE_EXP" true true false 8 Double 0 0,First,#,HOLC_HRS_RECALC,LIFE_EXP,-1,-1;HYPERTENSI "HYPERTENSI" true true false 8 Double 0 0,First,#,HOLC_HRS_RECALC,HYPERTENSI,-1,-1;CANCER_PCT "CANCER_PCT" true true false 8 Double 0 0,First,#,HOLC_HRS_RECALC,CANCER_PCT,-1,-1;ASTHMA_PCT "ASTHMA_PCT" true true false 8 Double 0 0,First,#,HOLC_HRS_RECALC,ASTHMA_PCT,-1,-1;CHD_PCT "CHD_PCT" true true false 8 Double 0 0,First,#,HOLC_HRS_RECALC,CHD_PCT,-1,-1;COPD_PCT "COPD_PCT" true true false 8 Double 0 0,First,#,HOLC_HRS_RECALC,COPD_PCT,-1,-1;DIABETES_P "DIABETES_P" true true false 8 Double 0 0,First,#,HOLC_HRS_RECALC,DIABETES_P,-1,-1;KIDNEY_PCT "KIDNEY_PCT" true true false 8 Double 0 0,First,#,HOLC_HRS_RECALC,KIDNEY_PCT,-1,-1;MENTAL_HEA "MENTAL_HEA" true true false 8 Double 0 0,First,#,HOLC_HRS_RECALC,MENTAL_HEA,-1,-1;OBESITY_PC "OBESITY_PC" true true false 8 Double 0 0,First,#,HOLC_HRS_RECALC,OBESITY_PC,-1,-1;STROKE_PCT "STROKE_PCT" true true false 8 Double 0 0,First,#,HOLC_HRS_RECALC,STROKE_PCT,-1,-1;PCTHOLC "PCTHOLC" true true false 8 Double 0 0,First,#,HOLC_HRS_RECALC,PCTHOLC,-1,-1;SCOREA "SCOREA" true true false 8 Double 0 0,First,#,HOLC_HRS_RECALC,SCOREA,-1,-1;SCOREB "SCOREB" true true false 8 Double 0 0,First,#,HOLC_HRS_RECALC,SCOREB,-1,-1;SCOREC "SCOREC" true true false 8 Double 0 0,First,#,HOLC_HRS_RECALC,SCOREC,-1,-1;SCORED "SCORED" true true false 8 Double 0 0,First,#,HOLC_HRS_RECALC,SCORED,-1,-1;SCOREE "SCOREE" true true false 8 Double 0 0,First,#,HOLC_HRS_RECALC,SCOREE,-1,-1;HRSCORE "HRSCORE" true true false 8 Double 0 0,First,#,HOLC_HRS_RECALC,HRSCORE,-1,-1;NATL_QRTL "NATL_QRTL" true true false 4 Long 0 0,First,#,HOLC_HRS_RECALC,NATL_QRTL,-1,-1;CBSA_QTRL "CBSA_QTRL" true true false 4 Long 0 0,First,#,HOLC_HRS_RECALC,CBSA_QTRL,-1,-1;Shape_Length "Shape_Length" false true true 8 Double 0 0,First,#,HOLC_HRS_RECALC,Shape_Length,-1,-1;Shape_Area "Shape_Area" false true true 8 Double 0 0,First,#,HOLC_HRS_RECALC,Shape_Area,-1,-1" #</Process><Process ToolSource="c:\program files\arcgis\pro\Resources\ArcToolbox\toolboxes\Data Management Tools.tbx\UpdateSchema" Date="20200717" Time="085103">UpdateSchema "CIMDATA=&lt;CIMStandardDataConnection xsi:type='typens:CIMStandardDataConnection' xmlns:xsi='http://www.w3.org/2001/XMLSchema-instance' xmlns:xs='http://www.w3.org/2001/XMLSchema' xmlns:typens='http://www.esri.com/schemas/ArcGIS/2.5.0'&gt;&lt;WorkspaceConnectionString&gt;DATABASE=C:\Users\jmadron\Documents\ArcGIS\Projects\NCRC_HOLC\NCRC_HOLC.gdb&lt;/WorkspaceConnectionString&gt;&lt;WorkspaceFactory&gt;FileGDB&lt;/WorkspaceFactory&gt;&lt;Dataset&gt;HOLC_HRS_RECALC_Selection&lt;/Dataset&gt;&lt;DatasetType&gt;esriDTFeatureClass&lt;/DatasetType&gt;&lt;/CIMStandardDataConnection&gt;" &lt;operationSequence&gt;&lt;workflow&gt;&lt;AddField&gt;&lt;field_name&gt;tract_area&lt;/field_name&gt;&lt;field_type&gt;DOUBLE&lt;/field_type&gt;&lt;field_alias&gt;tract_area&lt;/field_alias&gt;&lt;field_is_nullable&gt;True&lt;/field_is_nullable&gt;&lt;field_is_required&gt;False&lt;/field_is_required&gt;&lt;/AddField&gt;&lt;/workflow&gt;&lt;/operationSequence&gt;</Process><Process ToolSource="c:\program files\arcgis\pro\Resources\ArcToolbox\toolboxes\Data Management Tools.tbx\CalculateGeometryAttributes" Date="20200717" Time="085215">CalculateGeometryAttributes HOLC_HRS_RECALC_Selection "tract_area AREA_GEODESIC" # "Square miles (United States)" PROJCS['USA_Contiguous_Albers_Equal_Area_Conic',GEOGCS['GCS_North_American_1983',DATUM['D_North_American_1983',SPHEROID['GRS_1980',6378137.0,298.257222101]],PRIMEM['Greenwich',0.0],UNIT['Degree',0.0174532925199433]],PROJECTION['Albers'],PARAMETER['False_Easting',0.0],PARAMETER['False_Northing',0.0],PARAMETER['Central_Meridian',-96.0],PARAMETER['Standard_Parallel_1',29.5],PARAMETER['Standard_Parallel_2',45.5],PARAMETER['Latitude_Of_Origin',37.5],UNIT['Meter',1.0]] "Same as input"</Process><Process ToolSource="c:\program files\arcgis\pro\Resources\ArcToolbox\toolboxes\Data Management Tools.tbx\UpdateSchema" Date="20200721" Time="100749">UpdateSchema "CIMDATA=&lt;CIMStandardDataConnection xsi:type='typens:CIMStandardDataConnection' xmlns:xsi='http://www.w3.org/2001/XMLSchema-instance' xmlns:xs='http://www.w3.org/2001/XMLSchema' xmlns:typens='http://www.esri.com/schemas/ArcGIS/2.5.0'&gt;&lt;WorkspaceConnectionString&gt;DATABASE=C:\Users\jmadron\Documents\ArcGIS\Projects\NCRC_HOLC\NCRC_HOLC.gdb&lt;/WorkspaceConnectionString&gt;&lt;WorkspaceFactory&gt;FileGDB&lt;/WorkspaceFactory&gt;&lt;Dataset&gt;HOLC_HRS_RECALC_Selection&lt;/Dataset&gt;&lt;DatasetType&gt;esriDTFeatureClass&lt;/DatasetType&gt;&lt;/CIMStandardDataConnection&gt;" &lt;operationSequence&gt;&lt;workflow&gt;&lt;AddField&gt;&lt;field_name&gt;lifexp_slivpop&lt;/field_name&gt;&lt;field_type&gt;LONG&lt;/field_type&gt;&lt;field_alias&gt;lifexp_slivpop&lt;/field_alias&gt;&lt;field_is_nullable&gt;True&lt;/field_is_nullable&gt;&lt;field_is_required&gt;False&lt;/field_is_required&gt;&lt;/AddField&gt;&lt;/workflow&gt;&lt;/operationSequence&gt;</Process><Process ToolSource="c:\program files\arcgis\pro\Resources\ArcToolbox\toolboxes\Conversion Tools.tbx\FeatureClassToFeatureClass" Date="20201022" Time="191643">FeatureClassToFeatureClass HOLC_HRS_RECALC_Selection C:\Users\jmadron\Desktop\HOLC_CensusTracts CensusTracts.shp # "geoid "geoid" true true false 254 Text 0 0,First,#,HOLC_HRS_RECALC_Selection,geoid,0,254;OBJECTID_1 "OBJECTID_1" true true false 4 Long 0 0,First,#,HOLC_HRS_RECALC_Selection,OBJECTID_1,-1,-1;GEOID_1 "GEOID" true true false 255 Text 0 0,First,#,HOLC_HRS_RECALC_Selection,GEOID_1,0,255;CBSA10 "CBSA10" true true false 4 Long 0 0,First,#,HOLC_HRS_RECALC_Selection,CBSA10,-1,-1;CBSA_NAME "CBSA_NAME" true true false 255 Text 0 0,First,#,HOLC_HRS_RECALC_Selection,CBSA_NAME,0,255;POP_NUM "POP_NUM" true true false 4 Long 0 0,First,#,HOLC_HRS_RECALC_Selection,POP_NUM,-1,-1;MEDIAN_AGE "MEDIAN_AGE" true true false 4 Long 0 0,First,#,HOLC_HRS_RECALC_Selection,MEDIAN_AGE,-1,-1;AGE65OVER "AGE65OVER" true true false 8 Double 0 0,First,#,HOLC_HRS_RECALC_Selection,AGE65OVER,-1,-1;MINORITY_P "MINORITY_P" true true false 8 Double 0 0,First,#,HOLC_HRS_RECALC_Selection,MINORITY_P,-1,-1;POVERTY_PC "POVERTY_PC" true true false 8 Double 0 0,First,#,HOLC_HRS_RECALC_Selection,POVERTY_PC,-1,-1;UNINSURED "UNINSURED" true true false 8 Double 0 0,First,#,HOLC_HRS_RECALC_Selection,UNINSURED,-1,-1;SVI "SVI" true true false 8 Double 0 0,First,#,HOLC_HRS_RECALC_Selection,SVI,-1,-1;LIFE_EXP "LIFE_EXP" true true false 8 Double 0 0,First,#,HOLC_HRS_RECALC_Selection,LIFE_EXP,-1,-1;HYPERTENSI "HYPERTENSI" true true false 8 Double 0 0,First,#,HOLC_HRS_RECALC_Selection,HYPERTENSI,-1,-1;CANCER_PCT "CANCER_PCT" true true false 8 Double 0 0,First,#,HOLC_HRS_RECALC_Selection,CANCER_PCT,-1,-1;ASTHMA_PCT "ASTHMA_PCT" true true false 8 Double 0 0,First,#,HOLC_HRS_RECALC_Selection,ASTHMA_PCT,-1,-1;CHD_PCT "CHD_PCT" true true false 8 Double 0 0,First,#,HOLC_HRS_RECALC_Selection,CHD_PCT,-1,-1;COPD_PCT "COPD_PCT" true true false 8 Double 0 0,First,#,HOLC_HRS_RECALC_Selection,COPD_PCT,-1,-1;DIABETES_P "DIABETES_P" true true false 8 Double 0 0,First,#,HOLC_HRS_RECALC_Selection,DIABETES_P,-1,-1;KIDNEY_PCT "KIDNEY_PCT" true true false 8 Double 0 0,First,#,HOLC_HRS_RECALC_Selection,KIDNEY_PCT,-1,-1;MENTAL_HEA "MENTAL_HEA" true true false 8 Double 0 0,First,#,HOLC_HRS_RECALC_Selection,MENTAL_HEA,-1,-1;OBESITY_PC "OBESITY_PC" true true false 8 Double 0 0,First,#,HOLC_HRS_RECALC_Selection,OBESITY_PC,-1,-1;STROKE_PCT "STROKE_PCT" true true false 8 Double 0 0,First,#,HOLC_HRS_RECALC_Selection,STROKE_PCT,-1,-1;PCTHOLC "PCTHOLC" true true false 8 Double 0 0,First,#,HOLC_HRS_RECALC_Selection,PCTHOLC,-1,-1;SCOREA "SCOREA" true true false 8 Double 0 0,First,#,HOLC_HRS_RECALC_Selection,SCOREA,-1,-1;SCOREB "SCOREB" true true false 8 Double 0 0,First,#,HOLC_HRS_RECALC_Selection,SCOREB,-1,-1;SCOREC "SCOREC" true true false 8 Double 0 0,First,#,HOLC_HRS_RECALC_Selection,SCOREC,-1,-1;SCORED "SCORED" true true false 8 Double 0 0,First,#,HOLC_HRS_RECALC_Selection,SCORED,-1,-1;SCOREE "SCOREE" true true false 8 Double 0 0,First,#,HOLC_HRS_RECALC_Selection,SCOREE,-1,-1;HRSCORE "HRSCORE" true true false 8 Double 0 0,First,#,HOLC_HRS_RECALC_Selection,HRSCORE,-1,-1;NATL_QRTL "NATL_QRTL" true true false 4 Long 0 0,First,#,HOLC_HRS_RECALC_Selection,NATL_QRTL,-1,-1;CBSA_QTRL "CBSA_QTRL" true true false 4 Long 0 0,First,#,HOLC_HRS_RECALC_Selection,CBSA_QTRL,-1,-1;Shape_Leng "Shape_Length" false true true 8 Double 0 0,First,#,HOLC_HRS_RECALC_Selection,Shape_Length,-1,-1;Shape_Area "Shape_Area" false true true 8 Double 0 0,First,#,HOLC_HRS_RECALC_Selection,Shape_Area,-1,-1;tract_area "tract_area" true true false 8 Double 0 0,First,#,HOLC_HRS_RECALC_Selection,tract_area,-1,-1;lifexp_sli "lifexp_slivpop" true true false 4 Long 0 0,First,#,HOLC_HRS_RECALC_Selection,lifexp_slivpop,-1,-1" #</Process><Process ToolSource="c:\program files\arcgis\pro\Resources\ArcToolbox\toolboxes\Data Management Tools.tbx\UpdateSchema" Date="20201022" Time="191737">UpdateSchema "CIMDATA=&lt;CIMStandardDataConnection xsi:type='typens:CIMStandardDataConnection' xmlns:xsi='http://www.w3.org/2001/XMLSchema-instance' xmlns:xs='http://www.w3.org/2001/XMLSchema' xmlns:typens='http://www.esri.com/schemas/ArcGIS/2.6.0'&gt;&lt;WorkspaceConnectionString&gt;DATABASE=C:\Users\jmadron\Desktop\HOLC_CensusTracts&lt;/WorkspaceConnectionString&gt;&lt;WorkspaceFactory&gt;Shapefile&lt;/WorkspaceFactory&gt;&lt;Dataset&gt;CensusTracts&lt;/Dataset&gt;&lt;DatasetType&gt;esriDTFeatureClass&lt;/DatasetType&gt;&lt;/CIMStandardDataConnection&gt;" &lt;operationSequence&gt;&lt;workflow&gt;&lt;DeleteField&gt;&lt;field_name&gt;POP_NUM&lt;/field_name&gt;&lt;field_name&gt;MEDIAN_AGE&lt;/field_name&gt;&lt;field_name&gt;AGE65OVER&lt;/field_name&gt;&lt;field_name&gt;MINORITY_P&lt;/field_name&gt;&lt;field_name&gt;POVERTY_PC&lt;/field_name&gt;&lt;field_name&gt;UNINSURED&lt;/field_name&gt;&lt;field_name&gt;SVI&lt;/field_name&gt;&lt;field_name&gt;LIFE_EXP&lt;/field_name&gt;&lt;field_name&gt;HYPERTENSI&lt;/field_name&gt;&lt;field_name&gt;CANCER_PCT&lt;/field_name&gt;&lt;field_name&gt;ASTHMA_PCT&lt;/field_name&gt;&lt;field_name&gt;CHD_PCT&lt;/field_name&gt;&lt;field_name&gt;COPD_PCT&lt;/field_name&gt;&lt;field_name&gt;DIABETES_P&lt;/field_name&gt;&lt;field_name&gt;KIDNEY_PCT&lt;/field_name&gt;&lt;field_name&gt;MENTAL_HEA&lt;/field_name&gt;&lt;field_name&gt;OBESITY_PC&lt;/field_name&gt;&lt;field_name&gt;STROKE_PCT&lt;/field_name&gt;&lt;field_name&gt;PCTHOLC&lt;/field_name&gt;&lt;field_name&gt;SCOREA&lt;/field_name&gt;&lt;field_name&gt;SCOREB&lt;/field_name&gt;&lt;field_name&gt;SCOREC&lt;/field_name&gt;&lt;field_name&gt;SCORED&lt;/field_name&gt;&lt;field_name&gt;SCOREE&lt;/field_name&gt;&lt;field_name&gt;HRSCORE&lt;/field_name&gt;&lt;field_name&gt;NATL_QRTL&lt;/field_name&gt;&lt;field_name&gt;CBSA_QTRL&lt;/field_name&gt;&lt;field_name&gt;Shape_Leng&lt;/field_name&gt;&lt;field_name&gt;Shape_Area&lt;/field_name&gt;&lt;field_name&gt;tract_area&lt;/field_name&gt;&lt;field_name&gt;lifexp_sli&lt;/field_name&gt;&lt;/DeleteField&gt;&lt;/workflow&gt;&lt;/operationSequence&gt;</Process></lineage></DataProperties><SyncDate>20201022</SyncDate><SyncTime>19164000</SyncTime><ModDate>20201022</ModDate><ModTime>19164000</ModTime></Esri><dataIdInfo><envirDesc Sync="TRUE">Microsoft Windows 10 Version 10.0 (Build 16299) ; Esri ArcGIS 12.6.1.24783</envirDesc><dataLang><languageCode value="eng" Sync="TRUE"></languageCode><countryCode value="USA" Sync="TRUE"></countryCode></dataLang><idCitation><resTitle Sync="TRUE">CensusTracts</resTitle><presForm><PresFormCd value="005" Sync="TRUE"></PresFormCd></presForm></idCitation><spatRpType><SpatRepTypCd value="001" Sync="TRUE"></SpatRepTypCd></spatRpType></dataIdInfo><mdLang><languageCode value="eng" Sync="TRUE"></languageCode><countryCode value="USA" Sync="TRUE"></countryCode></mdLang><distInfo><distFormat><formatName Sync="TRUE">Shapefile</formatName></distFormat><distTranOps><transSize Sync="TRUE">0.000</transSize></distTranOps></distInfo><mdHrLv><ScopeCd value="005" Sync="TRUE"></ScopeCd></mdHrLv><mdHrLvName Sync="TRUE">dataset</mdHrLvName><refSysInfo><RefSystem><refSysID><identCode code="3857" Sync="TRUE"></identCode><idCodeSpace Sync="TRUE">EPSG</idCodeSpace><idVersion Sync="TRUE">8.8(9.3.1.2)</idVersion></refSysID></RefSystem></refSysInfo><spatRepInfo><VectSpatRep><geometObjs Name="CensusTracts"><geoObjTyp><GeoObjTypCd value="002" Sync="TRUE"></GeoObjTypCd></geoObjTyp><geoObjCnt Sync="TRUE">0</geoObjCnt></geometObjs><topLvl><TopoLevCd value="001" Sync="TRUE"></TopoLevCd></topLvl></VectSpatRep></spatRepInfo><spdoinfo><ptvctinf><esriterm Name="CensusTracts"><efeatyp Sync="TRUE">Simple</efeatyp><efeageom code="4" Sync="TRUE"></efeageom><esritopo Sync="TRUE">FALSE</esritopo><efeacnt Sync="TRUE">0</efeacnt><spindex Sync="TRUE">FALSE</spindex><linrefer Sync="TRUE">FALSE</linrefer></esriterm></ptvctinf></spdoinfo><eainfo><detailed Name="CensusTracts"><enttyp><enttypl Sync="TRUE">CensusTracts</enttypl><enttypt Sync="TRUE">Feature Class</enttypt><enttypc Sync="TRUE">0</enttypc></enttyp><attr><attrlabl Sync="TRUE">FID</attrlabl><attalias Sync="TRUE">FID</attalias><attrtype Sync="TRUE">OID</attrtype><attwidth Sync="TRUE">4</attwidth><atprecis Sync="TRUE">0</atprecis><attscale Sync="TRUE">0</attscale><attrdef Sync="TRUE">Internal feature number.</attrdef><attrdefs Sync="TRUE">Esri</attrdefs><attrdomv><udom Sync="TRUE">Sequential unique whole numbers that are automatically generated.</udom></attrdomv></attr><attr><attrlabl Sync="TRUE">Shape</attrlabl><attalias Sync="TRUE">Shape</attalias><attrtype Sync="TRUE">Geometry</attrtype><attwidth Sync="TRUE">0</attwidth><atprecis Sync="TRUE">0</atprecis><attscale Sync="TRUE">0</attscale><attrdef Sync="TRUE">Feature geometry.</attrdef><attrdefs Sync="TRUE">Esri</attrdefs><attrdomv><udom Sync="TRUE">Coordinates defining the features.</udom></attrdomv></attr><attr><attrlabl Sync="TRUE">geoid</attrlabl><attalias Sync="TRUE">geoid</attalias><attrtype Sync="TRUE">String</attrtype><attwidth Sync="TRUE">254</attwidth><atprecis Sync="TRUE">0</atprecis><attscale Sync="TRUE">0</attscale></attr><attr><attrlabl Sync="TRUE">OBJECTID_1</attrlabl><attalias Sync="TRUE">OBJECTID_1</attalias><attrtype Sync="TRUE">Integer</attrtype><attwidth Sync="TRUE">10</attwidth><atprecis Sync="TRUE">10</atprecis><attscale Sync="TRUE">0</attscale></attr><attr><attrlabl Sync="TRUE">GEOID_1</attrlabl><attalias Sync="TRUE">GEOID_1</attalias><attrtype Sync="TRUE">String</attrtype><attwidth Sync="TRUE">254</attwidth><atprecis Sync="TRUE">0</atprecis><attscale Sync="TRUE">0</attscale></attr><attr><attrlabl Sync="TRUE">CBSA10</attrlabl><attalias Sync="TRUE">CBSA10</attalias><attrtype Sync="TRUE">Integer</attrtype><attwidth Sync="TRUE">10</attwidth><atprecis Sync="TRUE">10</atprecis><attscale Sync="TRUE">0</attscale></attr><attr><attrlabl Sync="TRUE">CBSA_NAME</attrlabl><attalias Sync="TRUE">CBSA_NAME</attalias><attrtype Sync="TRUE">String</attrtype><attwidth Sync="TRUE">254</attwidth><atprecis Sync="TRUE">0</atprecis><attscale Sync="TRUE">0</attscale></attr><attr><attrlabl Sync="TRUE">POP_NUM</attrlabl><attalias Sync="TRUE">POP_NUM</attalias><attrtype Sync="TRUE">Integer</attrtype><attwidth Sync="TRUE">10</attwidth><atprecis Sync="TRUE">10</atprecis><attscale Sync="TRUE">0</attscale></attr><attr><attrlabl Sync="TRUE">MEDIAN_AGE</attrlabl><attalias Sync="TRUE">MEDIAN_AGE</attalias><attrtype Sync="TRUE">Integer</attrtype><attwidth Sync="TRUE">10</attwidth><atprecis Sync="TRUE">10</atprecis><attscale Sync="TRUE">0</attscale></attr><attr><attrlabl Sync="TRUE">AGE65OVER</attrlabl><attalias Sync="TRUE">AGE65OVER</attalias><attrtype Sync="TRUE">Double</attrtype><attwidth Sync="TRUE">19</attwidth><atprecis Sync="TRUE">0</atprecis><attscale Sync="TRUE">0</attscale></attr><attr><attrlabl Sync="TRUE">MINORITY_P</attrlabl><attalias Sync="TRUE">MINORITY_P</attalias><attrtype Sync="TRUE">Double</attrtype><attwidth Sync="TRUE">19</attwidth><atprecis Sync="TRUE">0</atprecis><attscale Sync="TRUE">0</attscale></attr><attr><attrlabl Sync="TRUE">POVERTY_PC</attrlabl><attalias Sync="TRUE">POVERTY_PC</attalias><attrtype Sync="TRUE">Double</attrtype><attwidth Sync="TRUE">19</attwidth><atprecis Sync="TRUE">0</atprecis><attscale Sync="TRUE">0</attscale></attr><attr><attrlabl Sync="TRUE">UNINSURED</attrlabl><attalias Sync="TRUE">UNINSURED</attalias><attrtype Sync="TRUE">Double</attrtype><attwidth Sync="TRUE">19</attwidth><atprecis Sync="TRUE">0</atprecis><attscale Sync="TRUE">0</attscale></attr><attr><attrlabl Sync="TRUE">SVI</attrlabl><attalias Sync="TRUE">SVI</attalias><attrtype Sync="TRUE">Double</attrtype><attwidth Sync="TRUE">19</attwidth><atprecis Sync="TRUE">0</atprecis><attscale Sync="TRUE">0</attscale></attr><attr><attrlabl Sync="TRUE">LIFE_EXP</attrlabl><attalias Sync="TRUE">LIFE_EXP</attalias><attrtype Sync="TRUE">Double</attrtype><attwidth Sync="TRUE">19</attwidth><atprecis Sync="TRUE">0</atprecis><attscale Sync="TRUE">0</attscale></attr><attr><attrlabl Sync="TRUE">HYPERTENSI</attrlabl><attalias Sync="TRUE">HYPERTENSI</attalias><attrtype Sync="TRUE">Double</attrtype><attwidth Sync="TRUE">19</attwidth><atprecis Sync="TRUE">0</atprecis><attscale Sync="TRUE">0</attscale></attr><attr><attrlabl Sync="TRUE">CANCER_PCT</attrlabl><attalias Sync="TRUE">CANCER_PCT</attalias><attrtype Sync="TRUE">Double</attrtype><attwidth Sync="TRUE">19</attwidth><atprecis Sync="TRUE">0</atprecis><attscale Sync="TRUE">0</attscale></attr><attr><attrlabl Sync="TRUE">ASTHMA_PCT</attrlabl><attalias Sync="TRUE">ASTHMA_PCT</attalias><attrtype Sync="TRUE">Double</attrtype><attwidth Sync="TRUE">19</attwidth><atprecis Sync="TRUE">0</atprecis><attscale Sync="TRUE">0</attscale></attr><attr><attrlabl Sync="TRUE">CHD_PCT</attrlabl><attalias Sync="TRUE">CHD_PCT</attalias><attrtype Sync="TRUE">Double</attrtype><attwidth Sync="TRUE">19</attwidth><atprecis Sync="TRUE">0</atprecis><attscale Sync="TRUE">0</attscale></attr><attr><attrlabl Sync="TRUE">COPD_PCT</attrlabl><attalias Sync="TRUE">COPD_PCT</attalias><attrtype Sync="TRUE">Double</attrtype><attwidth Sync="TRUE">19</attwidth><atprecis Sync="TRUE">0</atprecis><attscale Sync="TRUE">0</attscale></attr><attr><attrlabl Sync="TRUE">DIABETES_P</attrlabl><attalias Sync="TRUE">DIABETES_P</attalias><attrtype Sync="TRUE">Double</attrtype><attwidth Sync="TRUE">19</attwidth><atprecis Sync="TRUE">0</atprecis><attscale Sync="TRUE">0</attscale></attr><attr><attrlabl Sync="TRUE">KIDNEY_PCT</attrlabl><attalias Sync="TRUE">KIDNEY_PCT</attalias><attrtype Sync="TRUE">Double</attrtype><attwidth Sync="TRUE">19</attwidth><atprecis Sync="TRUE">0</atprecis><attscale Sync="TRUE">0</attscale></attr><attr><attrlabl Sync="TRUE">MENTAL_HEA</attrlabl><attalias Sync="TRUE">MENTAL_HEA</attalias><attrtype Sync="TRUE">Double</attrtype><attwidth Sync="TRUE">19</attwidth><atprecis Sync="TRUE">0</atprecis><attscale Sync="TRUE">0</attscale></attr><attr><attrlabl Sync="TRUE">OBESITY_PC</attrlabl><attalias Sync="TRUE">OBESITY_PC</attalias><attrtype Sync="TRUE">Double</attrtype><attwidth Sync="TRUE">19</attwidth><atprecis Sync="TRUE">0</atprecis><attscale Sync="TRUE">0</attscale></attr><attr><attrlabl Sync="TRUE">STROKE_PCT</attrlabl><attalias Sync="TRUE">STROKE_PCT</attalias><attrtype Sync="TRUE">Double</attrtype><attwidth Sync="TRUE">19</attwidth><atprecis Sync="TRUE">0</atprecis><attscale Sync="TRUE">0</attscale></attr><attr><attrlabl Sync="TRUE">PCTHOLC</attrlabl><attalias Sync="TRUE">PCTHOLC</attalias><attrtype Sync="TRUE">Double</attrtype><attwidth Sync="TRUE">19</attwidth><atprecis Sync="TRUE">0</atprecis><attscale Sync="TRUE">0</attscale></attr><attr><attrlabl Sync="TRUE">SCOREA</attrlabl><attalias Sync="TRUE">SCOREA</attalias><attrtype Sync="TRUE">Double</attrtype><attwidth Sync="TRUE">19</attwidth><atprecis Sync="TRUE">0</atprecis><attscale Sync="TRUE">0</attscale></attr><attr><attrlabl Sync="TRUE">SCOREB</attrlabl><attalias Sync="TRUE">SCOREB</attalias><attrtype Sync="TRUE">Double</attrtype><attwidth Sync="TRUE">19</attwidth><atprecis Sync="TRUE">0</atprecis><attscale Sync="TRUE">0</attscale></attr><attr><attrlabl Sync="TRUE">SCOREC</attrlabl><attalias Sync="TRUE">SCOREC</attalias><attrtype Sync="TRUE">Double</attrtype><attwidth Sync="TRUE">19</attwidth><atprecis Sync="TRUE">0</atprecis><attscale Sync="TRUE">0</attscale></attr><attr><attrlabl Sync="TRUE">SCORED</attrlabl><attalias Sync="TRUE">SCORED</attalias><attrtype Sync="TRUE">Double</attrtype><attwidth Sync="TRUE">19</attwidth><atprecis Sync="TRUE">0</atprecis><attscale Sync="TRUE">0</attscale></attr><attr><attrlabl Sync="TRUE">SCOREE</attrlabl><attalias Sync="TRUE">SCOREE</attalias><attrtype Sync="TRUE">Double</attrtype><attwidth Sync="TRUE">19</attwidth><atprecis Sync="TRUE">0</atprecis><attscale Sync="TRUE">0</attscale></attr><attr><attrlabl Sync="TRUE">HRSCORE</attrlabl><attalias Sync="TRUE">HRSCORE</attalias><attrtype Sync="TRUE">Double</attrtype><attwidth Sync="TRUE">19</attwidth><atprecis Sync="TRUE">0</atprecis><attscale Sync="TRUE">0</attscale></attr><attr><attrlabl Sync="TRUE">NATL_QRTL</attrlabl><attalias Sync="TRUE">NATL_QRTL</attalias><attrtype Sync="TRUE">Integer</attrtype><attwidth Sync="TRUE">10</attwidth><atprecis Sync="TRUE">10</atprecis><attscale Sync="TRUE">0</attscale></attr><attr><attrlabl Sync="TRUE">CBSA_QTRL</attrlabl><attalias Sync="TRUE">CBSA_QTRL</attalias><attrtype Sync="TRUE">Integer</attrtype><attwidth Sync="TRUE">10</attwidth><atprecis Sync="TRUE">10</atprecis><attscale Sync="TRUE">0</attscale></attr><attr><attrlabl Sync="TRUE">Shape_Leng</attrlabl><attalias Sync="TRUE">Shape_Leng</attalias><attrtype Sync="TRUE">Double</attrtype><attwidth Sync="TRUE">19</attwidth><atprecis Sync="TRUE">0</atprecis><attscale Sync="TRUE">0</attscale></attr><attr><attrlabl Sync="TRUE">Shape_Area</attrlabl><attalias Sync="TRUE">Shape_Area</attalias><attrtype Sync="TRUE">Double</attrtype><attwidth Sync="TRUE">19</attwidth><atprecis Sync="TRUE">0</atprecis><attscale Sync="TRUE">0</attscale><attrdef Sync="TRUE">Area of feature in internal units squared.</attrdef><attrdefs Sync="TRUE">Esri</attrdefs><attrdomv><udom Sync="TRUE">Positive real numbers that are automatically generated.</udom></attrdomv></attr><attr><attrlabl Sync="TRUE">tract_area</attrlabl><attalias Sync="TRUE">tract_area</attalias><attrtype Sync="TRUE">Double</attrtype><attwidth Sync="TRUE">19</attwidth><atprecis Sync="TRUE">0</atprecis><attscale Sync="TRUE">0</attscale></attr><attr><attrlabl Sync="TRUE">lifexp_sli</attrlabl><attalias Sync="TRUE">lifexp_sli</attalias><attrtype Sync="TRUE">Integer</attrtype><attwidth Sync="TRUE">10</attwidth><atprecis Sync="TRUE">10</atprecis><attscale Sync="TRUE">0</attscale></attr></detailed></eainfo><mdDateSt Sync="TRUE">20201022</mdDateSt></metadata>
