﻿ICS-209-PLUS Incident Status (Sitrep) Field Definition Table,,,,,,
Column Name, Description, Data Type,Release 1 - Fill Rate,,Release  2 - Fill Rate,
,,, All Hazards,WF only,All Hazards,WF Only
ACRES, Current Incident Area in Acres, Numeric,100.0%,100.0%,100.0%,100.0%
ADDTNL_COOP_ASSIST_ORG_NARR, Additional Cooperating Agencies, Text,43.7%,42.8%,29.1%,28.3%
ADDNTL_FUEL_MODEL,Additional Fuel Model (Anderson),Categorical,n/a,n/a,9.1%,82.3%
ANTICIPATED_COMPLETION_DATE,Expected Completion Date for Response Efforts,Date/Time,n/a,n/a,31.7%,32.0%
AREA_CLOSURE_FLAG,Area Closure Flag,Boolean,n/a,n/a,32.0%,32.4%
CAUSE, Cause,Categorical,98.6%,99.3%,99.0%,99.5%
COMPLEX, Complex Flag (T/F), Boolean,96.9%,99.6%,98.0%,99.7%
COMPLEX_NAME, Name of Complex for historical data, Text,16.3%,16.7%,10.8%,11.1%
COMPLEXITY_LEVEL_ NARR, For 2014 stores Team Type, Text,3.1%,3.1%,7.4%,7.5%
CRIT_RES_NEEDS_NARR, Critical Resource Needs Narrative, Text,60.9%,60.2%,63.7%,63.3%
CURRENT_THREAT_NARR, Current Threat Summary, Text,53.1%,53.9%,64.9%,65.5%
CURR_INC_AREA_UOM, Current Incident Area Unit of Measure, Categorical,87.6%,87.4%,91.8%,91.7%
CURR_INCIDENT_AREA, Current Incident Area, Numeric,84.0%,85.9%,89.4%,90.7%
CY, Current Year, Numeric,100.0%,100.0%,100.0%,100.0%
DISCOVERY_DATE, Discovery Date for Hazard, Date/Time,100.0%,100.0%,99.9%,99.9%
DISCOVERY_DOY, Julian day of year for discovery, Julian Day,100.0%,100.0%,99.7%,99.8%
DISPATCH_PRIORITY, Dispatch Priority, Numeric,14.5%,14.8%,14.5%,14.8%
EDAMAGE, Estimate of Damage (Historical System 1 only), Numeric,1.5%,1.5%,1.0%,1.0%
EST_IM_COST_TO_DATE, Estimated Incident Management Costs, Numeric,69.4%,69.1%,77.9%,77.8%
EVACUATION_IN_PROGRESS, Evacuations , Boolean,82.6%,82.3%,54.8%,54.3%
EXPECTED_CONTAINMENT_DATE, Expected Containment Date, Date/Time,56.6%,57.9%,38.2%,38.9%
FATALITIES, Number of Fatalities (includes zero values), Numeric,100.0%,100.0%,100.0%,100.0%
FB_ACTIVE, General Fire Behavior Flag (Historical System 2 only), Boolean,82.9%,82.6%,55.2%,54.6%
FB_BACKING, Specific Fire Behavior Flag (Historical System 2 only), Boolean,82.9%,82.6%,55.2%,54.6%
FB_CREEPING, Specific Fire Behavior Flag (Historical System 2 only), Boolean,82.9%,82.6%,55.2%,54.6%
FB_CROWNING, Specific Fire Behavior Flag (Historical System 2 only), Boolean,82.9%,82.6%,55.2%,54.6%
FB_EXTREME, General Fire Behavior Flag (Historical System 2 only), Boolean,82.9%,82.6%,55.2%,54.6%
FB_FLANKING, Specific Fire Behavior Flag (Historical System 2 only), Boolean,82.9%,82.6%,55.2%,54.6%
FB_MINIMAL, General Fire Behavior Flag (Historical System 2 only), Boolean,82.9%,82.6%,55.2%,54.6%
FB_MODERATE, General Fire Behavior Flag (Historical System 2 only), Boolean,82.9%,82.6%,55.2%,54.6%
FB_RUNNING, Specific Fire Behavior Flag (Historical System 2 only), Boolean,82.9%,82.6%,55.2%,54.6%
FB_SMOLDERING, Specific Fire Behavior Flag (Historical System 2 only), Boolean,82.9%,82.6%,55.2%,54.6%
FB_SPOTTING, Specific Fire Behavior Flag (Historical System 2 only), Boolean,82.9%,82.6%,55.2%,54.6%
FB_TORCHING, Specific Fire Behavior Flag (Historical System 2 only), Boolean,82.9%,82.6%,55.2%,54.6%
FB_WIND_DRIVEN, Specific Fire Behavior Flag (Historical System 2 only), Boolean,82.9%,82.6%,55.2%,54.6%
FIRE_BEHAVIOR_1,Fire Behavior Characteristic 1,Categorical,n/a,n/a,20.8%,21.2%
FIRE_BEHAVIOR_2,Fire Behavior Characteristic 2,Categorical,n/a,n/a,14.8%,15.2%
FIRE_BEHAVIOR_3,Fire Behavior Characteristic 3,Categorical,n/a,n/a,8.9%,9.1%
FIRE_EVENT_ID, Individual Fire Event ID, Text,97.1%,100.0%,98.2%,100.0%
FUEL_MODEL, Fuel Model (Anderson), Categorical,71.5%,73.3%,80.6%,82.3%
GACC_PRIORITY, Geographic Area Coordination Center Priority, Numeric,21.3%,21.8%,21.6%,22.0%
GEN_FIRE_BEHAVIOR,General Fire Behavior Descriptor (Categorical Variable),Categorical,,,30.9%,31.6%
GROWTH_POTENTIAL, Growth Potential: Low/Medium/High/Extreme (Historical System 2), Categorical,68.0%,69.6%,45.2%,46.0%
HAZARDS_MATLS_INVOLVMENT_NARR, Description of Fuels and Materials Involved in Hazard, Text,66.3%,67.6%,59.1%,59.8%
IMT_MGMT_ORG_DESC, Incident Management Organization Description, Categorical,80.1%,80.0%,84.0%,84.0%
INC209R_IDENTIFIER, Internal Daily Situation Report ID, Numeric, Internal use,Internal use,Internal use,Internal use
INCIDENT_COMMANDERS_NARR, Incident Commanders Narrative Text Field (Incident Commander/Team), Text,92.6%,92.4%,94.9%,94.9%
INCIDENT_DESCRIPTION, Text Description of Incident (Current System only), Text,0.8%,0.8%,5.3%,5.3%
INCIDENT_ID, Incident Unique Identifier, Text,100.0%,100.0%,100.0%,100.0%
INCIDENT_JURISDICTION, Incident Jurisdiction (e.g. NPS or USFS) (Current System only), Text,<.1%,<.1%,<1%,<1%
INCIDENT_NAME, Current Name of Incident, Text,100.0%,100.0%,100.0%,100.0%
INCIDENT_NUMBER, Incident Management Identifier  , Text,100.0%,100.0%,100.0%,100.0%
INCTYP_ABBREVIATION, Incident Abbreviation (e.g. WF or HU), Categorical,100.0%,100.0%,100.0%,100.0%
INCTYP_DESC, Incident Type Full Description, Text,100.0%,100.0%,100.0%,100.0%
INC_IDENTIFIER, Internal Incident ID, Numeric, Internal use,Internal use,Internal use,Internal use
INJURIES, Number of injuries this period (includes zero values), Numeric,100.0%,100.0%,100.0%,100.0%
INJURIES_TO_DATE, Number of injuries to date (includes zero values), Numeric,100.0%,100.0%,100.0%,100.0%
IRWIN_ID,,Text,n/a,n/a,35.6%,36.4%
LIFE_SAFETY_HEALTH_STATUS_NARR, Life Safety & Health Status Narrative (Current System only), Text,2.4%,2.5%,19.9%,20.1%
LL_CONFIDENCE, Level of confidence in estimated latitude-longitude low(l/medium(m)/high(h), Categorical,3.6%,3.7%,2.4%,2.5%
LL_UPDATE, True if latitude/longitude contains updated/estimated value, Boolean,3.6%,3.7%,2.4%,2.5%
LOCAL_TIMEZONE, Local Timezone Description (Current System only), Categorical,0.1%,0.1%,28.5%,28.8%
MAJOR_PROBLEMS, Major Problems Narrative (Historical System 2 only), Text,59.0%,59.2%,39.3%,39.1%
NEW_ACRES, Acres growth since previous report, Numeric,100.0%,100.0%,100.0%,100.0%
NUM_EVACUATED, Current Number of Evacuees (Current System only), Numeric,1.8%,1.8%,13.4%,13.6%
NUM_EVAC_TO_DATE, Total Number Evacuated to Date (Current System only), Numeric,1.8%,1.8%,13.4%,13.6%
NWCG_IDENTIFIER,NWCG unit id or name for the entity with protection responsibility based on the fire's point of origin,Numeric,n/a,n/a,34.6%,35.5%
OBS_FIRE_BEHAVE, Observed Fire Behavior Narrative (Historical System 2), Text,55.4%,56.9%,36.9%,37.6%
PCT_CONTAINED_COMPLETED, Percent Contained or Completed,Percentage,88.7%,91.0%,92.4%,94.0%
PCT_CONT_COMPL_UOM_ABBREV,Unit of measurement (Percent or MMA),Categorical,83.0%,82.6%,55.1%,54.6%
PCT_PERIM_TO_BE_CONTAINED,Target Percent Containment,Percentage,5.0%,5.1%,35.5%,36.0%
PERCENT_C,Percentage Supression Strategy of Confine (0-100),Percentage,n/a,n/a,35.2%,36.0%
PERCENT_FS,Percentage Supression Strategy of Monitor (0-100),Percentage,n/a,n/a,35.2%,36.0%
PERCENT_M,Percentage Supression Strategy of Point Zone Protection (0-100),Percentage,n/a,n/a,35.2%,36.0%
PERCENT_PZP,Percentage Supression Strategy of Full Supression (0-100),Percentage,n/a,n/a,35.2%,36.0%
PLANNED_ACTIONS, Planned Actions Narrative, Text,62.1%,62.1%,67.0%,67.0%
POO_CITY, City or Nearest City (Current System only), Text,3.3%,3.4%,19.4%,19.7%
POO_COUNTY, County of Origin, Text,78.7%,78.3%,52.3%,51.8%
POO_LATITUDE, Start Location Latitude, Numeric,97.7%,98.4%,98.5%,99.0%
POO_LD_PM, PLSS Prime Meridian (Current System only), Categorical,2.2%,2.3%,11.2%,11.4%
POO_LD_QTR_QTR_SEC, PLSS Quarter Quarter Section Number (Current System only), Numeric,1.0%,1.0%,5.3%,5.4%
POO_LD_QTR_SEC, PLSS Quarter Section Number (Current System only), Numeric,1.1%,1.1%,5.7%,5.8%
POO_LD_RGE, PLSS Range Number (Current System only), Numeric,2.2%,2.3%,10.9%,11.1%
POO_LD_SEC, PLSS Section Number (Current System only), Numeric,2.2%,2.3%,10.9%,11.1%
POO_LD_TWP, PLSS Township (Current System only), Text,2.2%,2.3%,10.9%,11.1%
POO_LONGITUDE, Start Location Longitude, Numeric,97.7%,98.4%,98.5%,99.0%
POO_SHORT_LOCATION_DESC, Location Description, Text,98.6%,98.7%,99.1%,99.1%
POO_STATE, Point of Origin State, Categorical,93.6%,93.5%,95.8%,95.7%
POO_STATE_NAME, Full State Name (e.g. Oregon), Categorical,93.6%,93.5%,95.8%,95.7%
POTENTIAL, True if potential threat to human safety (Historical System 2 only), Boolean,82.5%,82.1%,55.1%,54.6%
PROJECTED_ACTIVITY_NARR, Projected Activity Narrative, Text,50.4%,51.5%,54.8%,54.3%
PROJECTED_FINAL_IM_COST, Estimate of final incident management cost, Numeric,69.4%,69.1%,77.9%,77.8%
PROJ_INCIDENT_AREA, Projected Incident Area, Numeric,45.8%,47.0%,48.8%,49.4%
PROJ_INC_AREA_UOM, Projected Area Units (e.g. Acres), Categorical,2.8%,2.9%,20.7%,21.1%
PROJ_SIG_RES_DEMOB_START_DATE, Projected Demobe Start Date, Date/Time,34.7%,35.2%,39.7%,40.1%
REMARKS, General Remarks Field, Text,61.0%,60.8%,54.4%,54.1%
REPORT_DAY_SPAN, Day span for the current report, Numeric,100.0%,100.0%,99.9%,99.9%
REPORT_DOY, Julian day of year for report (using REPORT_TO_DATE), Numeric,100.0%,100.0%,100.0%,100.0%
REPORT_FROM_DATE, Starting Timestamp for Sitrep (Current System only), Date/Time,5.0%,5.0%,36.8%,37.3%
REPORT_TO_DATE, Submission Timestamp for Sitrep, Date/Time,100.0%,100.0%,100.0%,100.0%
RES_BENEFITS, Identified Resource Benefits (Historical System 2), Text,3.3%,3.3%,2.2%,2.2%
RISK_ASSESSMENT, Risk Assessment Narrative (Historical System 2), Text,0.9%,0.9%,0.6%,0.6%
ROAD_CLOSURE_FLAG,Road Closures in Effect,Boolean,n/a,n/a,32.2%,32.6%
RPT_EVACUATIONS,Sitrep level evacuation reporting (may be 0),Numeric,n/a,n/a,13.4%,13.6%
RPT_FATALITIES,Sitrep level fatality reporting (may be 0),Numeric,n/a,n/a,13.4%,13.6%
RPT_P_FATALITIES,Sitrep level citizen fatality reporting (may be 0),Numeric,n/a,n/a,13.4%,13.6%
RPT_R_FATALITIES,Sitrep level responder fatality reporting (may be 0),Numeric,n/a,n/a,13.4%,13.6%
RPT_P_INJURIES,Sitrep level citizen injury reporting (may be 0),Numeric,n/a,n/a,13.4%,13.6%
RPT_R_INJURIES,Sitrep level responder injury reporting (may be 0),Numeric,n/a,n/a,13.3%,13.6%
SECNDRY_FUEL_MODEL,Secondary fuel model (Anderson),Categorical,n/a,n/a,19.9%,20.3%
SIGNIF_EVENTS_SUMMARY, Significant Events During Report Interval, Text,56.3%,55.9%,50.6%,50.2%
START_YEAR, Starting year of incident, Numeric,100.0%,100.0%,100.0%,100.0%
STATUS, Report Status (Initial/Update/Final), Text,87.9%,87.7%,92.0%,92.0%
STRATEGIC_NARR, Strategic Narrative (Current System only)_, Text,3.7%,3.8%,26.9%,27.2%
STR_DAMAGED, Number of structures damaged (zero values included), Numeric,100.0%,100.0%,100.0%,100.0%
STR_DAMAGED_COMM, Number of commercial structures damaged (zero values included), Numeric,100.0%,100.0%,100.0%,100.0%
STR_DAMAGED_RES, Number of residential structures damaged (zero values included), Numeric,100.0%,100.0%,100.0%,100.0%
STR_DESTROYED, Number of structures destroyed (zero values included), Numeric,100.0%,100.0%,100.0%,100.0%
STR_DESTROYED_COMM, Number of commercial structures destroyed (zero values included), Numeric,100.0%,100.0%,100.0%,100.0%
STR_DESTROYED_RES, Number of residential structures destroyed (zero values included), Numeric,100.0%,100.0%,100.0%,100.0%
STR_THREATENED, Number of structures currently threatened, Numeric,46.6%,47.4%,54.1%,54.8%
STR_THREATENED_COMM, Number of commercial structures currently threatened, Numeric,46.6%,47.4%,54.1%,54.8%
STR_THREATENED_RES, Number of residential structures currently threatened, Numeric,46.6%,47.4%,54.1%,54.8%
SUPPRESSION_METHOD, Primary Suppression Method, Text,42.1%,43.4%,63.2%,64.7%
SUPPRESSION_METHOD_FULLNAME, Full description, Text,42.1%,43.4%,63.2%,64.7%
TARGETS_MET, Progress Towards Containment, Text,38.8%,39.6%,25.8%,26.2%
TERRAIN, Terrain Difficulty:  Low/Med High/Extreme, Categorical,68.4%,69.9%,45.5%,46.2%
TOTAL_AERIAL, Total current number of aerial resources, Numeric,84.6%,84.3%,85.1%,100.0%
TOTAL_EVACUATIONS,Total Evacuations to Date,Numeric,n/a,n/a,13.4%,13.6%
TOTAL_PERSONNEL,Total current personnel (derived from resources table),Numeric,85.7%,85.4%,85.5%,100.0%
TOTAL_P_FATALITIES,Total Public Fatalities to Date,Numeric,n/a,n/a,13.4%,13.6%
TOTAL_P_INJURIES,Total Public Injuries to Date,Numeric,n/a,n/a,13.4%,13.6%
TOTAL_R_FATALITIES,Total Responder Fatalities to Date,Numeric,n/a,n/a,13.4%,13.6%
TOTAL_R_INJURIES,Total Repsonder Injuries to Date,Numeric,n/a,n/a,13.4%,13.6%
TRAIL_CLOSURE_FLAG,Trail Closure Flag,Numeric,n/a,n/a,32.0%,32.3%
UNIT_OR_OTHER_NARR, Unit Narrative,Text,88.7%,88.4%,59.1%,58.5%
WEATHER_CONCERNS_NARR,Current and forecast weather conditions. ,Text,62.9%,63.0%,67.7%,67.8%
WF_FSR,Wildfire Fire Spread Rate (new acres divided by time since last report) Wildfire sitreps only,Numeric,n/a,100.0%,n/a,99.9%