ICS-209-PLUS Wildfire Complex Associations Table Field Definitions,,,,,,
Column Name,Description,Data Type,Fill Rate,,,
CPLX_INC_IDENTIFIER,Unique Identifier (System Generated 2014+) for the Complex Record,Numeric,20.5%,,,
CPLX_INCIDENT_ID,Concatenated Incident ID - Unique to ICS-209-PLUS dataset,Boolean,100.0%,,,
FIRE_NAME,Name of the Fire,Text,99.9%,,,
FIRE_YEAR,Year of Ignition for Fire,Numeric,100.0%,,,
FOD_FIRE_LIST,List of Fires Linked to FOD for this Complex/Member Combination,List,98.8%,,,
FODJ_INCIDENT_ID,Incident ID connecting this Complex/Member Combination to the FOD,Text,100.0%,,,
ICS_COMPLEX_NAME,ICS Complex Name for this Wildfire Complex,Text,100.0%,,,
MEMBER INC_IDENTIFIER,Member INC_IDENTIFIER for the Member Fire (System Generated 2014+),Numeric,20.5%,,,
MEMBER INCIDENT_ID,Member Incident ID for this record,Text,20.5%,,,
MTBS_FIRE_LIST,List of MTBS Fires Linked to this Complex,List,72.9%,,,