﻿ICS-209-PLUS Wildfire Incident Summary Table Field Definitions,,,,,,
Column Name,Description,Data Type,R1 Fill Rate,R2 Fill Rate,% Change,Status
CAUSE,"Cause: Human, Lightning, or Unknown",Categorical,99.2%,99.4%,0.2%,
COMPLEX,Is fire part of Fire Complex?,Boolean,99.4%,99.6%,0.2%,
DISCOVERY_DATE,Discovery date - estimate of start date,Datetime,100.0%,99.9%,-0.1%,
DISCOVERY_DOY,Discovery day of year ,Numeric,100.0%,99.9%,-0.1%,
EVACUATION_REPORTED,"Were evacuations reported? 2002+ only, 2014+ set to true if PEAK_EVACUATIONS > 0",Boolean,83.0%,60.3%,-22.7%,
EXPECTED_CONTAINMENT_DATE,Expected Containment Date,Datetime,69.5%,50.0%,-19.5%,
FATALITIES,Total Number of Fatalities (zero values included),Numeric,100.0%,100.0%,0.0%,
FATALITIES_PUBLIC,Number of Reported Public Fatalities (defaults to null/none reported)) 2014+ only,Numeric,n/a,4.7%,,New Field ICS-209-PLUS-2.0
FATALITIES_RESPONDER,Number of Reported Responder Fatalities (defaults to null/none reported) 2014+ only,Numeric,n/a,4.7%,,New Field ICS-209-PLUS-2.0
FINAL_ACRES,Final reported size of fire,Numeric,100.0%,100.0%,0.0%,
FINAL_REPORT_DATE,Final report date (or last sitrep date),Datetime,100.0%,100.0%,0.0%,
FIRED_ACRES,Burned area in acres mapped by FIRED,Numeric,n/a,100.0%,,New Field ICS-209-PLUS-2.0
FIRED_ID,Unique Identifier Linking the Incident Report to its Corresponding FIRED Event,Numeric,n/a,42.7%,,New Field ICS-209-PLUS-2.0
FIRED_IG_LAT,Latitude of the estimated ignition location,Decimal,n/a,42.7%,,New Field ICS-209-PLUS-2.0
FIRED_IG_LON,Longitude of the estimated ignition location,Decimal,n/a,42.7%,,New Field ICS-209-PLUS-2.0
FIRED_MAX_GROWTH,Maximum single-day fire growth (acres),Numeric,n/a,42.7%,,New Field ICS-209-PLUS-2.0
FIRED_SIMPLE_FSR,Simple fire spread rate (acres/day) measured from fired,Numeric,n/a,42.7%,,New Field ICS-209-PLUS-2.0
FOD_CAUSE,List of FPA FOD Cause Descriptions,List of Categorical,n/a,86.5%,,New Field ICS-209-PLUS-2.0
FOD_CAUSE_NUM,Number of FPA  FOD Cause Descriptions,Numeric,n/a,86.5%,,New Field ICS-209-PLUS-2.0
FOD_CAUSE_CODE,FPA FOD Cause code 1-13,Numeric,86.5%,n/a,,Replaced by FOD_CAUSE
FOD_CAUSE_DESCR,"FPA FOD Cause description (e.g. Arson, Lightning, Debris)",Categorical,86.5%,n/a,,Replaced by FOD_CAUSE
FOD_COMPLEX_NAME,FPA FOD Fire Complex Name,Text,4.0%,4.2%,0.2%,
FOD_CONTAIN_DOY,FPA FOD Containment Date Day of Year,Numeric,65.4%,72.9%,7.5%,
FOD_COORD_LIST,List of FOD Lat/Lon Values related to incident (replaces single lat/lon),List of coord,%,86.5%,,New Field ICS-209-PLUS-2.0
FOD_COORD_NUM,Number of FOD coordinates,Numeric,,86.5%,,
FOD_DISCOVERY_DOY,FPA FOD Discovery Day of the Year,Numeric,86.5%,86.5%,0.0%,
FOD_FINAL_ACRES,FPA FOD Total acres summed across all fires,Numeric,86.5%,86.5%,0.0%,Renamed: Formerly FOD_FIRE_SIZE
FOD_FIRE_LIST,List of FPA FOD fires associated with incident,Dictionary,86.5%,86.5%,0.0%,Renamed: Formerly FOD_LIST
FOD_FIRE_NUM,Number of related fires in FPA FOD database,Numeric,86.5%,86.5%,0.0%,Renamed: Formerly FOD_NUM_FIRES
FUEL_MODEL,Primary Fuel Model,Categorical,72.1%,80.3%,8.2%,
INCIDENT_DESCRIPTION,Description of incident,Text,<1%,4.1%,3.1%,
INCIDENT_ID,Unique ID (Year+Inc#+Inc Name),Text,100.0%,100.0%,0.0%,
INCIDENT_NAME,Incident Name (final reported name),Text,99.9%,99.9%,0.0%,
INCIDENT_NUMBER,Incident Number (final report #),Text,100.0%,100.0%,0.0%,
INCTYP_ABBREVIATION,"Incident type abbreviation (wf, rx)",Categorical,100.0%,100.0%,0.0%,
INC_IDENTIFIER,Unique ID in Current System (2014+),Numeric,5.0%,33.1%,28.1%,
INC_MGMT_NUM_SITREPS,Number of sitreps related to incident,Numeric,100.0%,100.0%,0.0%,
INJURIES_TOTAL,Final number of reported injuries (zero values included),Numeric,100.0%,100.0%,0.0%,
LL_CONFIDENCE,Lat/Long Confidence (H/M/L) (if updated),Categorical,5.2%,36.8%,31.6%,
LL_UPDATE,True if we modified Lat/Long,Boolean,5.2%,36.8%,31.6%,
LOCAL_TIMEZONE,Local timezone for incident (2014+),Categorical,0.2%,24.6%,24.4%,
LRGST_FOD_COORDS,Coordinates for largest fire associated with incident,Coordinate Pair,,100.0%,100.0%,New Field ICS-209-PLUS-2.0
LRGST_FOD_ID,FOD Identifier for the largest FOD linked fire,Text,,100.0%,100.0%,Renamed: Formerly FOD_ID
LRGST_FOD_LATITUDE,FPA FOD Latitude for point of origin (decimal) of the largest FOD linked fire,Numeric,86.5%,86.5%,0.0%,Renamed: Formerly FOD_LATITUDE
LRGST_FOD_LONGITUDE,FPA FOD Longitude for point of origin (decimal) of the largest FOD linked fire,Numeric,86.5%,86.5%,0.0%,Renamed: Formerly FOD_LONGITUDE
LRGST_MTBS_FIRE_INFO,MTBS ID and Fire Name for Largest MTBS Fire,Text,22.6%,27.0%,4.4%,Renamed: Formerly MTBS_ID + MTBS_FIRE_NAME
MTBS_FIRE_LIST,List of Linked MTBS Fires,List,n/a,27.0%,,New Field ICS-209-PLUS-2.0
MTBS_FIRE_NUM,Number of Linked MTBS Fires,Numeric,n/a,86.5%,,New Field ICS-209-PLUS-2.0
PEAK_EVACUATIONS,Peak Value reported for Evacuations,Numeric,n/a,5.3%,,New Field ICS-209-PLUS-2.0
POO_CITY,Point of origin - nearest city (2014+),Text,2.6%,13.7%,11.1%,
POO_COUNTY,Point of origin - county,Text,80.0%,98.8%,18.8%,
POO_LATITUDE,Point of origin - latitude (decimal),Float,98.2%,98.8%,0.6%,
POO_LONGITUDE,Point of origin - longitude (decimal),Float,98.2%,98.8%,0.6%,
POO_SHORT_LOCATION_DESC,Point of origin - location description,Text,98.0%,98.5%,0.5%,
POO_STATE,Point of origin - state,Categorical,95.4%,96.7%,1.3%,
PROJECTED_FINAL_IM_COST,Estimated final incident management cost,Numeric,53.0%,64.8%,11.8%,
START_YEAR,Start year of incident,Numeric,100.0%,100.0%,0.00%,
STR_DAMAGED_COMM_TOTAL,Total number of commercial structures damaged (zero values included),Numeric,100.0%,100.0%,0.00%,
STR_DAMAGED_RES_TOTAL,Total number of residential structures damaged (zero values included),Numeric,100.0%,100.0%,0.00%,
STR_DAMAGED_TOTAL,Total number of structures damaged (zero values included),Numeric,100.0%,100.0%,0.00%,
STR_DESTROYED_COMM_TOTAL,Total number of commerical structures destroyed (zero values included),Numeric,100.0%,100.0%,0.00%,
STR_DESTROYED_RES_TOTAL,Total number of residential structures destroyed (zero value included),Numeric,100.0%,100.0%,0.00%,
STR_DESTROYED_TOTAL,Total number of structures destroyed (zero values included),Numeric,100.0%,100.0%,0.00%,
STR_THREATENED_COMM_MAX,Maximum number of commercial structures threatened,Numeric,9.3%,8.6%,-0.70%,
STR_THREATENED_MAX,Maximum number of structures threatened,Numeric,38.2%,38.1%,-0.10%,
STR_THREATENED_RES_MAX,Maximum number of residential structures threatened,Numeric,32.6%,32.7%,0.10%,
SUP_METHOD_FINAL,Suppression method code (e.g. FS) on final situation report in SUP_SERIES,Categorical,n/a,62.5%,,New Field ICS-209-PLUS-2.0
SUP_METHOD_INITIAL,Suppression method code (e.g. FS) on initial situation report in SUP_SERIES,Categorical,n/a,62.3%,,New Field ICS-209-PLUS-2.0
SUP_PERCENT_FS,Percentage of full suppression reports in SUP_SERIES,Percentage,n/a,100.0%,,New Field ICS-209-PLUS-2.0
SUP_SERIES,Sequential suppression methods reported across sitreps using REPORT_TO_DATE,List of Std Codes,n/a,100.0%,,New Field ICS-209-PLUS-2.0
SUPPRESSION_METHOD,Suppression method code (e.g. FS = Full Suppression),Categorical,42.8%,62.5%,19.70%,
TOTAL_AERIAL_SUM,Total aerial resources summed across incident,Numeric,34.9%,34.5%,-0.40%,
TOTAL_PERSONNEL_SUM,Total personnel resources summed across incident,Numeric,79.0%,78.7%,-0.30%,
WF_CESSATION_DATE,Date fire within 95% of final size,Datetime,98.3%,98.4%,0.10%,
WF_CESSATION_DOY,Day of year fire is within 95% of final size,Numeric,98.3%,98.4%,0.10%,
WF_GROWTH_DURATION,Number of days from discovery to final growth,Numeric,98.3%,98.3%,0.00%,
WF_MAX_FSR,The maximum wildfire spread rate,Numeric,100.0%,100.0%,0.00%,
WF_MAX_GROWTH_DATE,The date of maximum fire spread rate,Datetime,100.0%,100.0%,0.00%,
WF_MAX_GROWTH_DOY,The day of year of maximum fire spread rate,Numeric,100.0%,100.0%,0.00%,
WF_PEAK_AERIAL,Maximum value for TOTAL_AERIAL,Integer,34.9%,34.5%,-0.40%,
WF_PEAK_AERIAL_DATE,Date for the maximum TOTAL_AERIAL,Datetime,100.0%,100.0%,0.00%,
WF_PEAK_AERIAL_DOY,Day of year for maximum TOTAL_AERIAL,Integer,100.0%,100.0%,0.00%,
WF_PEAK_PERSONNEL,Maximum value for TOTAL_PERSONNEL,Integer,79.0%,78.7%,-0.30%,
WF_PEAK_PERSONNEL_DATE,Peak date for TOTAL_PERSONNEL,Datetime,100.0%,100.0%,0.00%,
WF_PEAK_PERSONNEL_DOY,Peak day of year for TOTAL_PERSONNEL,Integer,100.0%,100.0%,0.00%,