﻿ICS-209-PLUS Lookup Code Values,,,
CODE_TYPE,CODE_NAME,ABBREVIATION,DESCRIPTION
AREA_UOM,Acres,ACRES,
AREA_UOM,Hectares,HECTARES,
AREA_UOM,Square Kilometers,SQ KM,
AREA_UOM,Square Miles,SQ MILES,
CASUALTY_ILLNESS_TYPE,Evacuated,E,
CASUALTY_ILLNESS_TYPE,Fatalities,F,
CASUALTY_ILLNESS_TYPE,Have Received Mass Immunizations,MI,
CASUALTY_ILLNESS_TYPE,In Quarantine,IQ,
CASUALTY_ILLNESS_TYPE,In Temporary Shelters,ITS,
CASUALTY_ILLNESS_TYPE,Missing,M,
CASUALTY_ILLNESS_TYPE,Other,OTH,
CASUALTY_ILLNESS_TYPE,Require Immunizations,RI,
CASUALTY_ILLNESS_TYPE,Sheltering in Place,SIP,
CASUALTY_ILLNESS_TYPE,Trapped/In Need of Rescue,T/INR,
CASUALTY_ILLNESS_TYPE,With Injuries/Illness,II,
CAUSE,Human,H,
CAUSE,Lightning/Natural,L,
CAUSE,Other,O,
CAUSE,Unknown,U,
CONTAINED_COMPLETE_UOM,PA,MMA,
CONTAINED_COMPLETE_UOM,Percent,PCT,
FIRE_SUPPRESSION_STRATEGY,Confine,C,
FIRE_SUPPRESSION_STRATEGY,Full Suppression,FS,
FIRE_SUPPRESSION_STRATEGY,Monitor,M,
FIRE_SUPPRESSION_STRATEGY,Point Zone Protection,PZP,
FUEL_MODEL,1 Short grass (1 Foot),1,
FUEL_MODEL,2 Timber (grass and understory),2,
FUEL_MODEL,3 Tall Grass (2.5 Feet),3,
FUEL_MODEL,4 Chaparral (6 Feet),4,
FUEL_MODEL,5 Brush (2 Feet),5,
FUEL_MODEL,"6 Dormant Brush, Hardwood Slash",6,
FUEL_MODEL,7 Southern Rough,7,
FUEL_MODEL,8 Closed Timber Litter,8,
FUEL_MODEL,9 Hardwood Litter,9,
FUEL_MODEL,10 Timber (litter and understory),10,
FUEL_MODEL,11 Light Logging Slash,11,
FUEL_MODEL,12 Medium Logging Slash,12,
FUEL_MODEL,13 Heavy Logging Slash,13,
INCIDENT_SIZE_UOM,Acres,ACRES,
INCIDENT_SIZE_UOM,City Blocks,CB,
INCIDENT_SIZE_UOM,Hectares,HECTARES,
INCIDENT_SIZE_UOM,Multiple City Blocks,MCB,
INCIDENT_SIZE_UOM,Square Kilometers,SQ KM,
INCIDENT_SIZE_UOM,Square Miles,SQ MILES,
INCIDENT_TYPE,Biological Outbreak,BO,
INCIDENT_TYPE,Chemical Disaster,CD,
INCIDENT_TYPE,Civil Unrest / People Gathering,CU/PG,
INCIDENT_TYPE,Dam Failure,DF,
INCIDENT_TYPE,Earthquake,EQ,
INCIDENT_TYPE,Flood,FL,
INCIDENT_TYPE,Foreign Disaster Assistance,FDA,
INCIDENT_TYPE,Hazardous Materials,HAZMAT,
INCIDENT_TYPE,Heat Event,HEAT,
INCIDENT_TYPE,Hurricane,HURR,
INCIDENT_TYPE,Mass Earth Movement / Avalanche,MEM/A,
INCIDENT_TYPE,Nuclear Emergency,NE,
INCIDENT_TYPE,Other,OT,
INCIDENT_TYPE,Search and Rescue / Recovery,SR/R,
INCIDENT_TYPE,Terrorism,TR,
INCIDENT_TYPE,Thunderstorm,TH,
INCIDENT_TYPE,Tornado,TO,
INCIDENT_TYPE,Tsunami,TS,
INCIDENT_TYPE,Volcanic Eruption,VE,
INCIDENT_TYPE,Wildfire,WF,
INCIDENT_TYPE,Winter Storm,WS,
IRWIN_RESOURCE_CATEGORY,Airtanker,,Airtanker
IRWIN_RESOURCE_CATEGORY,Boat,,Boat
IRWIN_RESOURCE_CATEGORY,Dozer,,Dozer
IRWIN_RESOURCE_CATEGORY,Engine,,Engine
IRWIN_RESOURCE_CATEGORY,Fixed Wing,,Fixed Wing
IRWIN_RESOURCE_CATEGORY,Handcrew,,Handcrew
IRWIN_RESOURCE_CATEGORY,Heavy,,Heavy
IRWIN_RESOURCE_CATEGORY,Helicopter,,Helicopter
IRWIN_RESOURCE_CATEGORY,Other Equipment,,Other Equipment
IRWIN_RESOURCE_CATEGORY,Single Resource,,Single Resource
IRWIN_RESOURCE_CATEGORY,Tractor Plow,,Tractor Plow
IRWIN_RESOURCE_CATEGORY,Watertender,,Watertender
IRWIN_RESOURCE_KIND,Aircraft,,Aircraft
IRWIN_RESOURCE_KIND,Crews,,Crews
IRWIN_RESOURCE_KIND,Equipment,,Equipment
IRWIN_RESOURCE_KIND,Overhead,,Overhead
IRWIN_RESOURCE_TYPE,Air Attack Platform,,Air Attack Platform
IRWIN_RESOURCE_TYPE,All Types,,All Types
IRWIN_RESOURCE_TYPE,ASM,,ASM
IRWIN_RESOURCE_TYPE,"Engine, Type 1",,"Engine, Type 1"
IRWIN_RESOURCE_TYPE,"Engine, Type 2",,"Engine, Type 2"
IRWIN_RESOURCE_TYPE,"Engine, Type 3",,"Engine, Type 3"
IRWIN_RESOURCE_TYPE,"Engine, Type 4",,"Engine, Type 4"
IRWIN_RESOURCE_TYPE,"Engine, Type 5",,"Engine, Type 5"
IRWIN_RESOURCE_TYPE,"Engine, Type 6",,"Engine, Type 6"
IRWIN_RESOURCE_TYPE,"Engine, Type 7",,"Engine, Type 7"
IRWIN_RESOURCE_TYPE,Fire,,Fire
IRWIN_RESOURCE_TYPE,"Handcrew, Type 1",,"Handcrew, Type 1"
IRWIN_RESOURCE_TYPE,"Handcrew, Type 2",,"Handcrew, Type 2"
IRWIN_RESOURCE_TYPE,"Handcrew, Type 2/IA",,"Handcrew, Type 2/IA"
IRWIN_RESOURCE_TYPE,Heavy (Type 1),,Heavy (Type 1)
IRWIN_RESOURCE_TYPE,"Helicopter, Type 1",,"Helicopter, Type 1"
IRWIN_RESOURCE_TYPE,"Helicopter, Type 2",,"Helicopter, Type 2"
IRWIN_RESOURCE_TYPE,"Helicopter, Type 3",,"Helicopter, Type 3"
IRWIN_RESOURCE_TYPE,Individual Single Resource Personnel,,Individual Single Resource Personnel
IRWIN_RESOURCE_TYPE,Lead Plane,,Lead Plane
IRWIN_RESOURCE_TYPE,Light (Type 3),,Light (Type 3)
IRWIN_RESOURCE_TYPE,Masticator,,Masticator
IRWIN_RESOURCE_TYPE,Medium (Type 2),,Medium (Type 2)
IRWIN_RESOURCE_TYPE,Reconnaissance Aircraft,,Reconnaissance Aircraft
IRWIN_RESOURCE_TYPE,SEAT,,SEAT
IRWIN_RESOURCE_TYPE,Skidgine,,Skidgine
IRWIN_RESOURCE_TYPE,Support (All Types),,Support (All Types)
IRWIN_RESOURCE_TYPE,Tactical (All Types),,Tactical (All Types)
IRWIN_RESOURCE_TYPE,Track Vehicle,,Track Vehicle
IRWIN_RESOURCE_TYPE,"Tractor Plow, Type 1",,"Tractor Plow, Type 1"
IRWIN_RESOURCE_TYPE,"Tractor Plow, Type 2",,"Tractor Plow, Type 2"
IRWIN_RESOURCE_TYPE,"Tractor Plow, Type 3",,"Tractor Plow, Type 3"
IRWIN_RESOURCE_TYPE,"Tractor Plow, Type 4",,"Tractor Plow, Type 4"
IRWIN_RESOURCE_TYPE,VLAT,,VLAT
LIFE_SAFETY_HEALTH_THREAT_TYPE,Area Restriction in Effect,AR,
LIFE_SAFETY_HEALTH_THREAT_TYPE,Evacuation(s) in Progress,EP,
LIFE_SAFETY_HEALTH_THREAT_TYPE,Mass Immunization Complete,MIC,
LIFE_SAFETY_HEALTH_THREAT_TYPE,Mass Immunization in Progress,MIP,
LIFE_SAFETY_HEALTH_THREAT_TYPE,Mass Notifications Completed,MNC,
LIFE_SAFETY_HEALTH_THREAT_TYPE,Mass Notifications in Progress,MNP,
LIFE_SAFETY_HEALTH_THREAT_TYPE,No Evacuation(s) Imminent,NEI,
LIFE_SAFETY_HEALTH_THREAT_TYPE,No Likely Threat,NLT,
LIFE_SAFETY_HEALTH_THREAT_TYPE,Planning for Evacuation,PE,
LIFE_SAFETY_HEALTH_THREAT_TYPE,Planning for Shelter-in-Place,PSIP,
LIFE_SAFETY_HEALTH_THREAT_TYPE,Potential Future Threat,PFT,
LIFE_SAFETY_HEALTH_THREAT_TYPE,Quarantine in Progress,QP,
LIFE_SAFETY_HEALTH_THREAT_TYPE,Repopulation in Progress,RP,
LIFE_SAFETY_HEALTH_THREAT_TYPE,Shelter-in-Place in Progress,SIPP,
MATERIAL_INVOLVEMENT_TYPE,Brush (2 feet),BR,
MATERIAL_INVOLVEMENT_TYPE,Chaparral (6 feet),CH,
MATERIAL_INVOLVEMENT_TYPE,Closed Timber Litter,CTL,
MATERIAL_INVOLVEMENT_TYPE,"Dormant Brush, Hardwood Slash",DB/HS,
MATERIAL_INVOLVEMENT_TYPE,Hardwood Litter,HL,
MATERIAL_INVOLVEMENT_TYPE,Heavy Logging Slash,HLS,
MATERIAL_INVOLVEMENT_TYPE,Light Logging Slash,LLS,
MATERIAL_INVOLVEMENT_TYPE,Medium Logging Slash,MLS,
MATERIAL_INVOLVEMENT_TYPE,Short Grass (1 foot),SG,
MATERIAL_INVOLVEMENT_TYPE,Southern Rough,SR,
MATERIAL_INVOLVEMENT_TYPE,Tall Grass (2.5 feet),TG,
MATERIAL_INVOLVEMENT_TYPE,Timber (Grass and Understory),T/GU,
MATERIAL_INVOLVEMENT_TYPE,Timber (Litter and Understory),T/LU,
NORTH_AMERICAN_TIME_ZONE,America/Puerto_Rico,AST,America/Puerto_Rico (AST)
NORTH_AMERICAN_TIME_ZONE,Canada/Atlantic,AST/ADT,Canada/Atlantic (AST/ADT)
NORTH_AMERICAN_TIME_ZONE,Canada/Central,CST/CDT,Canada/Central (CST/CDT)
NORTH_AMERICAN_TIME_ZONE,Canada/Eastern,EST/EDT,Canada/Eastern (EST/EDT)
NORTH_AMERICAN_TIME_ZONE,Canada/Mountain,MST/MDT,Canada/Mountain (MST/MDT)
NORTH_AMERICAN_TIME_ZONE,Canada/Newfoundland,NST/NDT,Canada/Newfoundland (NST/NDT)
NORTH_AMERICAN_TIME_ZONE,Canada/Pacific,PST/PDT,Canada/Pacific (PST/PDT)
NORTH_AMERICAN_TIME_ZONE,Canada/Saskatchewan,CST,Canada/Saskatchewan (CST)
NORTH_AMERICAN_TIME_ZONE,Canada/Yukon,PST/PDT,Canada/Yukon (PST/PDT)
NORTH_AMERICAN_TIME_ZONE,Mexico/BajaNorte,PST/PDT,Mexico/BajaNorte (PST/PDT)
NORTH_AMERICAN_TIME_ZONE,Mexico/BajaSur,MST/MDT,Mexico/BajaSur (MST/MDT)
NORTH_AMERICAN_TIME_ZONE,Mexico/General,CST/CDT,Mexico/General (CST/CDT)
NORTH_AMERICAN_TIME_ZONE,US/Alaska,AKST/AKDT,US/Alaska (AKST/AKDT)
NORTH_AMERICAN_TIME_ZONE,US/Aleutian,HAST/HADT,US/Aleutian (HAST/HADT)
NORTH_AMERICAN_TIME_ZONE,US/Arizona,MST,US/Arizona (MST)
NORTH_AMERICAN_TIME_ZONE,US/Central,CST/CDT,US/Central (CST/CDT)
NORTH_AMERICAN_TIME_ZONE,US/Eastern,EST/EDT,US/Eastern (EST/EDT)
NORTH_AMERICAN_TIME_ZONE,US/Hawaii,HST/HDT,US/Hawaii (HST/HDT)
NORTH_AMERICAN_TIME_ZONE,US/Mountain,MST/MDT,US/Mountain (MST/MDT)
NORTH_AMERICAN_TIME_ZONE,US/Pacific,PST/PDT,US/Pacific (PST/PDT)
NORTH_AMERICAN_TIME_ZONE,US/Samoa,SST,US/Samoa (SST)
PRINCIPAL_MERIDIAN,12 Mile Square,43,
PRINCIPAL_MERIDIAN,1st Principal Meridian,1,
PRINCIPAL_MERIDIAN,1st Scioto River,39,
PRINCIPAL_MERIDIAN,2nd Principal Meridian,2,
PRINCIPAL_MERIDIAN,2nd Scioto River,40,
PRINCIPAL_MERIDIAN,3rd Principal Meridian,3,
PRINCIPAL_MERIDIAN,3rd Scioto River,41,
PRINCIPAL_MERIDIAN,4th Principal Meridian,4,
PRINCIPAL_MERIDIAN,5th Principal Meridian,5,
PRINCIPAL_MERIDIAN,6th Principal Meridian,6,
PRINCIPAL_MERIDIAN,Black Hills,7,
PRINCIPAL_MERIDIAN,Boise,8,
PRINCIPAL_MERIDIAN,Chickasaw,9,
PRINCIPAL_MERIDIAN,Choctaw,10,
PRINCIPAL_MERIDIAN,Cimarron,11,
PRINCIPAL_MERIDIAN,Copper River,12,
PRINCIPAL_MERIDIAN,Ellicotts Line,42,
PRINCIPAL_MERIDIAN,Fairbanks,13,
PRINCIPAL_MERIDIAN,Fifth Principal,,
PRINCIPAL_MERIDIAN,First Principal,,
PRINCIPAL_MERIDIAN,Fourth Principal,,
PRINCIPAL_MERIDIAN,Gila and Salt River,14,
PRINCIPAL_MERIDIAN,Great Miami River,36,
PRINCIPAL_MERIDIAN,Humboldt,15,
PRINCIPAL_MERIDIAN,Huntsville,16,
PRINCIPAL_MERIDIAN,Indian,17,
PRINCIPAL_MERIDIAN,Kateel River,44,
PRINCIPAL_MERIDIAN,Louisiana,18,
PRINCIPAL_MERIDIAN,Michigan,19,
PRINCIPAL_MERIDIAN,Mount Diablo,,
PRINCIPAL_MERIDIAN,Mt. Diablo,21,
PRINCIPAL_MERIDIAN,Muskingum River,37,
PRINCIPAL_MERIDIAN,Navajo,22,
PRINCIPAL_MERIDIAN,New Mexico,23,
PRINCIPAL_MERIDIAN,New Mexico Principal,,
PRINCIPAL_MERIDIAN,Ohio,35,
PRINCIPAL_MERIDIAN,Ohio River,38,
PRINCIPAL_MERIDIAN,Principal,20,
PRINCIPAL_MERIDIAN,Salt Lake,26,
PRINCIPAL_MERIDIAN,San Bernardino,27,
PRINCIPAL_MERIDIAN,Second Principal,,
PRINCIPAL_MERIDIAN,Seward,28,
PRINCIPAL_MERIDIAN,Sixth Principal,,
PRINCIPAL_MERIDIAN,St. Helena,24,
PRINCIPAL_MERIDIAN,St. Stephens,25,
PRINCIPAL_MERIDIAN,Tallahassee,29,
PRINCIPAL_MERIDIAN,Third Principal,,
PRINCIPAL_MERIDIAN,Uintah,30,
PRINCIPAL_MERIDIAN,Umiat,45,
PRINCIPAL_MERIDIAN,Ute,31,
PRINCIPAL_MERIDIAN,Washington,32,
PRINCIPAL_MERIDIAN,Willamette,33,
PRINCIPAL_MERIDIAN,Wind River,34,
RESOURCE_TYPE,Aerial Apparatus,AEAP,Aerial Apparatus
RESOURCE_TYPE,Air Supply Truck,ASTR,Air Supply Truck
RESOURCE_TYPE,"Airtanker, Single Engine",SEAT,"Airtanker, Single Engine"
RESOURCE_TYPE,"Airtanker, Type 1",AT1,"Airtanker, Type 1"
RESOURCE_TYPE,"Airtanker, Type 2",AT2,"Airtanker, Type 2"
RESOURCE_TYPE,"Airtanker, Type 3",AT3,"Airtanker, Type 3"
RESOURCE_TYPE,"Airtanker, VLAT",VLAT,"Airtanker, VLAT"
RESOURCE_TYPE,Ambulance,AMBL,Ambulance
RESOURCE_TYPE,"Boat, Fire",FB,"Boat, Fire"
RESOURCE_TYPE,"Boat, Rescue",RB,"Boat, Rescue"
RESOURCE_TYPE,"Boat, Transportation",TB,"Boat, Transportation"
RESOURCE_TYPE,"Canine, Bomb Squad",K9BS,"Canine, Bomb Squad"
RESOURCE_TYPE,"Canine, Narcotics",K9N,"Canine, Narcotics"
RESOURCE_TYPE,"Canine, Police",K9PU,"Canine, Police"
RESOURCE_TYPE,"Canine, SAR",K9SAR,"Canine, SAR"
RESOURCE_TYPE,Cave Rescue Team,CRT,Cave Rescue Team
RESOURCE_TYPE,Crash Rescue (Aircraft),CFR,Crash Rescue (Aircraft)
RESOURCE_TYPE,"Crew, Camp",CRC,"Crew, Camp"
RESOURCE_TYPE,"Crew, Type 1",CR1,"Crew, Type 1"
RESOURCE_TYPE,"Crew, Type 2",CR2,"Crew, Type 2"
RESOURCE_TYPE,"Crew, Type 2IA",CR2IA,"Crew, Type 2IA"
RESOURCE_TYPE,Decontamination Unit,DECON,Decontamination Unit
RESOURCE_TYPE,Dozer,DOZR,Dozer
RESOURCE_TYPE,"Engine, Type 1",ENG1,"Engine, Type 1"
RESOURCE_TYPE,"Engine, Type 2",ENG2,"Engine, Type 2"
RESOURCE_TYPE,"Engine, Type 3",ENG3,"Engine, Type 3"
RESOURCE_TYPE,"Engine, Type 4",ENG4,"Engine, Type 4"
RESOURCE_TYPE,"Engine, Type 5",ENG5,"Engine, Type 5"
RESOURCE_TYPE,"Engine, Type 6",ENG6,"Engine, Type 6"
RESOURCE_TYPE,"Engine, Type 7",ENG7,"Engine, Type 7"
RESOURCE_TYPE,"Fixed Wing, Air Tactical",FWAT,"Fixed Wing, Air Tactical"
RESOURCE_TYPE,"Fixed Wing, ASM",ASM,"Fixed Wing, ASM"
RESOURCE_TYPE,"Fixed Wing, LEAD",LEAD,"Fixed Wing, LEAD"
RESOURCE_TYPE,"Fixed Wing, Recon",FWRE,"Fixed Wing, Recon"
RESOURCE_TYPE,Food Dispensing Unit,FDU,Food Dispensing Unit
RESOURCE_TYPE,GIS Unit,GISU,GIS Unit
RESOURCE_TYPE,Hazardous Materials Unit,HAZU,Hazardous Materials Unit
RESOURCE_TYPE,Heavy Rescue Unit,HRU,Heavy Rescue Unit
RESOURCE_TYPE,"Helicopter, Type 1",HEL1,"Helicopter, Type 1"
RESOURCE_TYPE,"Helicopter, Type 2",HEL2,"Helicopter, Type 2"
RESOURCE_TYPE,"Helicopter, Type 3",HEL3,"Helicopter, Type 3"
RESOURCE_TYPE,Illumination Unit (Lighting),ILAU,Illumination Unit (Lighting)
RESOURCE_TYPE,"Laundry, Mobile",MLAU,"Laundry, Mobile"
RESOURCE_TYPE,Mass Casualty Incident Trailer,MCIT,Mass Casualty Incident Trailer
RESOURCE_TYPE,Masticator,MAST,Masticator
RESOURCE_TYPE,Medic Squad,MSQD,Medic Squad
RESOURCE_TYPE,Mine Rescue Team,MRT,Mine Rescue Team
RESOURCE_TYPE,Mobile Communications Center,MCC,Mobile Communications Center
RESOURCE_TYPE,Mobile Coroner Unit,MCU,Mobile Coroner Unit
RESOURCE_TYPE,Mobile Kitchen Unit,MKU,Mobile Kitchen Unit
RESOURCE_TYPE,Mountain SAR Team,MSAR,Mountain SAR Team
RESOURCE_TYPE,Overhead,OVH,Overhead
RESOURCE_TYPE,"Quint, Combination",QUINT,"Quint, Combination"
RESOURCE_TYPE,Rescue Unit,RSQU,Rescue Unit
RESOURCE_TYPE,Rescue/Medical Unit,RMDU,Rescue/Medical Unit
RESOURCE_TYPE,Salvage Unit,SALU,Salvage Unit
RESOURCE_TYPE,"Shower, Mobile",MSHWR,"Shower, Mobile"
RESOURCE_TYPE,Skidgine,SKID,Skidgine
RESOURCE_TYPE,Technical Rescue Team,TRT,Technical Rescue Team
RESOURCE_TYPE,"Tender, Potable Water",WTDP,"Tender, Potable Water"
RESOURCE_TYPE,"Tender, Water (Support)",WTDS,"Tender, Water (Support)"
RESOURCE_TYPE,"Tender, Water (Tactical)",WTDT,"Tender, Water (Tactical)"
RESOURCE_TYPE,Track Vehicle,TRVH,Track Vehicle
RESOURCE_TYPE,"Tractor Plow, Type 1",TPL1,"Tractor Plow, Type 1"
RESOURCE_TYPE,"Tractor Plow, Type 2",TPL2,"Tractor Plow, Type 2"
RESOURCE_TYPE,"Tractor Plow, Type 3",TPL3,"Tractor Plow, Type 3"
RESOURCE_TYPE,"Tractor Plow, Type 4",TPL4,"Tractor Plow, Type 4"
RESOURCE_TYPE,"Transportation, Bus, Coach",BUS,"Transportation, Bus, Coach"
RESOURCE_TYPE,"Truck, Hazmat",HAZTR,"Truck, Hazmat"
RESOURCE_TYPE,Underwater Search & Recovery Team,USRT,Underwater Search & Recovery Team
RESOURCE_TYPE,Urban SAR Team,USAR,Urban SAR Team
RESOURCE_TYPE,Water Purification Plant,WPP,Water Purification Plant
RESOURCE_TYPE,Water Rescue Team,WRT,Water Rescue Team
SIT_FSTAT_CATEGORY,Human-Caused,H,
SIT_FSTAT_CATEGORY,Lightning/Natural-Caused,L,
SIT_FSTAT_CATEGORY,Prescribed,RX,
SIT209_REPORT_RESOURCE_GROUP,AIRCRAFT,,AIRCRAFT
SIT209_REPORT_RESOURCE_GROUP,CREWS,,CREWS
SIT209_REPORT_RESOURCE_GROUP,CREWS-AUTOSIT,,CREWS-AUTOSIT
SIT209_REPORT_RESOURCE_GROUP,ENGINES,,ENGINES
SIT209_REPORT_RESOURCE_GROUP,EQUIPMENT,,EQUIPMENT
SIT209_REPORT_RESOURCE_GROUP,HELICOPTERS,,HELICOPTERS
SIT209_REPORT_RESOURCE_GROUP,OVERHEAD,,OVERHEAD
STRUCTURE_SUMMARY_TYPE,Mixed Commercial / Residential,MC/R,
STRUCTURE_SUMMARY_TYPE,Multiple Residences,MR,
STRUCTURE_SUMMARY_TYPE,Nonresidential Commercial Property,NRC,
STRUCTURE_SUMMARY_TYPE,Other Minor Structures,OTH,
STRUCTURE_SUMMARY_TYPE,Single Residences,SR,
TEAM_TYPE,Area Command,C,
TEAM_TYPE,NIMO,N,
TEAM_TYPE,SOPL,E,
TEAM_TYPE,Type 1 IC,7,
TEAM_TYPE,Type 1 Team,1,
TEAM_TYPE,Type 2 IC,8,
TEAM_TYPE,Type 2 Team,2,
TEAM_TYPE,Type 3 IC,4,
TEAM_TYPE,Type 3 Team,3,
TEAM_TYPE,Type 4 IC,5,
TEAM_TYPE,Type 5 IC,6,
TEAM_TYPE,Unified Command,D,
TIME_DURATION,Days,DAYS,
TIME_DURATION,Hours,HRS,
TIME_DURATION,Months,MONTHS,
TIME_DURATION,Quarters,QTRS,
TIME_DURATION,Years,YRS,
UTM_ZONE,UTM Zone 01,1,Zone Range: 180W - 174W      Central Meridian: 177W
UTM_ZONE,UTM Zone 02,2,Zone Range: 174W - 168W      Central Meridian: 171W
UTM_ZONE,UTM Zone 03,3,Zone Range: 168W - 162W      Central Meridian: 165W
UTM_ZONE,UTM Zone 04,4,Zone Range: 162W - 156W      Central Meridian: 159W
UTM_ZONE,UTM Zone 05,5,Zone Range: 156W - 150W      Central Meridian: 153W
UTM_ZONE,UTM Zone 06,6,Zone Range: 150W - 144W      Central Meridian: 147W
UTM_ZONE,UTM Zone 07,7,Zone Range: 144W - 138W      Central Meridian: 141W
UTM_ZONE,UTM Zone 08,8,Zone Range: 138W - 132W      Central Meridian: 135W
UTM_ZONE,UTM Zone 09,9,Zone Range: 132W - 126W      Central Meridian: 129W
UTM_ZONE,UTM Zone 10,10,Zone Range: 126W - 120W      Central Meridian: 123W
UTM_ZONE,UTM Zone 11,11,Zone Range: 120W - 114W      Central Meridian: 117W
UTM_ZONE,UTM Zone 12,12,Zone Range: 114W - 108W      Central Meridian: 111W
UTM_ZONE,UTM Zone 13,13,Zone Range: 108W - 102W      Central Meridian: 105W
UTM_ZONE,UTM Zone 14,14,Zone Range: 102W -  96W      Central Meridian:  99W
UTM_ZONE,UTM Zone 15,15,Zone Range:  96W -  90W      Central Meridian:  93W
UTM_ZONE,UTM Zone 16,16,Zone Range:  90W -  84W      Central Meridian:  87W
UTM_ZONE,UTM Zone 17,17,Zone Range:  84W -  78W      Central Meridian:  81W
UTM_ZONE,UTM Zone 18,18,Zone Range:  78W -  72W      Central Meridian:  75W
UTM_ZONE,UTM Zone 19,19,Zone Range:  72W -  66W      Central Meridian:  69W
UTM_ZONE,UTM Zone 20,20,Zone Range:  66W -  60W      Central Meridian:  63W
UTM_ZONE,UTM Zone 21,21,Zone Range:  60W -  54W      Central Meridian:  57W
WORLD_TIME_ZONE,Canada/Atlantic,,Canada/Atlantic
WORLD_TIME_ZONE,Canada/Central,,Canada/Central
WORLD_TIME_ZONE,Canada/East-Saskatchewan,,Canada/East-Saskatchewan
WORLD_TIME_ZONE,Canada/Eastern,,Canada/Eastern
WORLD_TIME_ZONE,Canada/Mountain,,Canada/Mountain
WORLD_TIME_ZONE,Canada/Newfoundland,,Canada/Newfoundland
WORLD_TIME_ZONE,Canada/Pacific,,Canada/Pacific
WORLD_TIME_ZONE,Canada/Saskatchewan,,Canada/Saskatchewan
WORLD_TIME_ZONE,Canada/Yukon,,Canada/Yukon
WORLD_TIME_ZONE,CST6CDT,,CST6CDT
WORLD_TIME_ZONE,EST5EDT,,EST5EDT
WORLD_TIME_ZONE,MST7MDT,,MST7MDT
WORLD_TIME_ZONE,PST8PDT,,PST8PDT
WORLD_TIME_ZONE,US/Alaska,,US/Alaska
WORLD_TIME_ZONE,US/Aleutian,,US/Aleutian
WORLD_TIME_ZONE,US/Arizona,,US/Arizona
WORLD_TIME_ZONE,US/Central,,US/Central
WORLD_TIME_ZONE,US/East-Indiana,,US/East-Indiana
WORLD_TIME_ZONE,US/Eastern,,US/Eastern
WORLD_TIME_ZONE,US/Hawaii,,US/Hawaii
WORLD_TIME_ZONE,US/Indiana-Starke,,US/Indiana-Starke
WORLD_TIME_ZONE,US/Michigan,,US/Michigan
WORLD_TIME_ZONE,US/Mountain,,US/Mountain
WORLD_TIME_ZONE,US/Pacific,,US/Pacific
WORLD_TIME_ZONE,US/Pacific-New,,US/Pacific-New
WORLD_TIME_ZONE,US/Samoa,,US/Samoa