STABR,POPU_LSA,F_POPLSA,POPU_UND,POPU_ST,CENTLIB,F_CENLIB,BRANLIB,F_BRLIB,BKMOB,F_BKMOB,MASTER,F_MASTER,LIBRARIA,F_LIBRAR,OTHPAID,F_OTHSTF,TOTSTAFF,F_TOTSTF,LOCGVT,F_LOCGVT,STGVT,F_STGVT,FEDGVT,F_FEDGVT,OTHINCM,F_OTHINC,TOTINCM,F_TOTINC,SALARIES,F_SALX,BENEFIT,F_BENX,STAFFEXP,F_TOSTFX,PRMATEXP,F_PRMATX,ELMATEXP,F_ELMATX,OTHMATEX,F_OTMATX,TOTEXPCO,F_TOCOLX,OTHOPEXP,F_OTHOPX,TOTOPEXP,F_TOTOPX,LCAP_REV,F_LCAPRV,SCAP_REV,F_SCAPRV,FCAP_REV,F_FCAPRV,OCAP_REV,F_OCAPRV,CAP_REV,F_TCAPRV,CAPITAL,F_TCAPX,BKVOL,F_BKVOL,EBOOK,F_EBOOK,AUDIO_PH,F_AUD_PH,AUDIO_DL,F_AUD_DL,VIDEO_PH,F_VID_PH,VIDEO_DL,F_VID_DL,EC_LO_OT,F_EC_L_O,EC_ST,F_EC_ST,ELECCOLL,F_ELECOL,HRS_OPEN,F_HRS_OP,VISITS,F_VISITS,REFERENC,F_REFER,REGBOR,F_REGBOR,TOTCIR,F_TOTCIR,KIDCIRCL,F_KIDCIR,ELMATCIR,F_EMTCIR,PHYSCIR,F_PHYSCR,ELINFO,F_ELINFO,ELCONT,F_ELCONT,TOTCOLL,F_TOTCOL,LOANTO,F_LOANTO,LOANFM,F_LOANFM,TOTPRO,F_TOTPRO,KIDPRO,F_KIDPRO,YAPRO,F_YAPRO,TOTATTEN,F_TOTATT,KIDATTEN,F_KIDATT,YAATTEN,F_YAATT,GPTERMS,F_GPTERM,PITUSR,F_PITUSR,WIFISESS,F_WIFISS,WEBVISIT,STARTDAT,ENDDATE,INCITSST,YR_SUB,OBEREG
AK,644542,R_20,644542,728903,79,R_20,15,R_20,1,R_20,71.8,IF20,132.79,IF20,186.18,IF20,318.97,IF20,38490859,IF20,978431,R_20,1021061,IF20,1214230,IF20,41704581,IF20,15485930,IF20,9886451,IF20,25372381,IF20,1828131,IF20,868756,IF20,476224,IF20,3173111,IF20,8513916,IF20,37059408,IF20,661174,R_20,0,R_20,0,R_20,0,R_20,661174,R_20,425319,R_20,2106328,IF20,1650561,IF20,114711,IF20,813977,IF20,302217,IF20,69199,IF20,92,IF20,3871,R_20,3963,IF20,111897,R_20,2480271,IF20,227475,IF20,345367,IF20,3890543,IF20,1423223,IF20,791244,IF20,3099299,IF20,804246,R_20,1595490,IF20,4694789,IF20,3498,IF20,6354,IF20,11916,IF20,7200,IF20,1375,IF20,245909,IF20,172836,IF20,15480,IF20,937,IF20,402801,IF20,668156,IF20,3224746,01/01/2019,06/30/2020,02,2021,08
AL,4887871,R_20,4887871,4887871,224,R_20,72,R_20,15,R_20,323.01,R_20,753.4,R_20,809.92,R_20,1563.32,R_20,100055470,IF20,5505274,IF20,1195961,IF20,7717144,IF20,114473849,IF20,58104486,IF20,17149710,IF20,75254196,IF20,5966189,IF20,3072754,IF20,2216781,IF20,11255724,IF20,21655383,IF20,108165303,IF20,2346646,IF20,13373,R_20,75671,IF20,179398,IF20,2615088,IF20,3097451,IF20,8470866,IF20,8289622,IF20,498541,IF20,2971783,IF20,712203,IF20,407015,IF20,826,IF20,26100,R_20,26926,IF20,443645,R_20,7959151,IF20,2217821,IF20,2517267,IF20,15442434,IF20,4665893,IF20,4441630,IF20,11000804,IF20,10077454,IF20,14519084,IF20,25519888,IF20,298694,IF20,306495,IF20,39728,IF20,19248,IF20,5476,IF20,894623,IF20,577257,IF20,84059,IF20,4316,IF20,1673545,IF20,7496820,IF20,7068699,10/01/2019,09/30/2020,01,2021,05
AR,2935531,R_20,2753540,2988248,59,R_20,168,R_20,3,R_20,161,R_20,353.15,R_20,727.27,R_20,1080.42,R_20,80870333,IF20,5300631,IF20,483330,IF20,6626081,IF20,93280375,IF20,38581253,IF20,12883685,IF20,51464938,IF20,4114864,IF20,3247720,IF20,1449365,IF20,8811949,IF20,16996671,IF20,77273558,IF20,2816095,IF20,206000,IF20,5600,IF20,233042,IF20,3260737,IF20,14977114,IF20,5643453,IF20,5549449,IF20,236585,IF20,3480580,IF20,580853,IF20,211349,IF20,290,IF20,5074,R_20,5364,IF20,258521,R_20,4058477,IF20,780843,IF20,1713571,IF20,8975568,IF20,2022596,IF20,3175475,IF20,5800093,IF20,862208,IF20,4037683,IF20,9837776,IF20,30030,IF20,12962,IF20,24966,IF20,17085,IF20,2922,IF20,477651,IF20,302869,IF20,45654,IF20,2855,IF20,376237,IF20,1518014,IF20,13054722,01/01/2020,12/31/2020,05,2021,05
AS,57637,R_20,57637,57637,1,R_20,1,R_20,0,R_20,2,R_20,2,R_20,8,R_20,10,R_20,0,R_20,325000,R_20,79295,R_20,7939,R_20,412234,R_20,230558,R_20,19201,R_20,249759,R_20,10999,R_20,2000,R_20,4140,R_20,17139,R_20,101919,R_20,368817,R_20,0,R_20,0,R_20,0,R_20,0,R_20,0,R_20,0,R_20,44530,R_20,7303,R_20,895,R_20,0,R_20,445,R_20,0,R_20,0,R_20,0,R_20,0,R_20,3120,R_20,25413,R_20,957,R_20,15453,R_20,11131,R_20,4800,R_20,847,R_20,10284,R_20,1628,R_20,2475,R_20,12759,R_20,0,R_20,0,R_20,225,R_20,209,R_20,0,R_20,4418,R_20,4138,R_20,0,R_20,20,R_20,3773,R_20,440,R_20,573,10/01/2019,09/30/2020,60,2021,09
AZ,11495065,R_20,7294587,7294587,84,R_20,138,R_20,9,R_20,492.89,IF20,614.9,IF20,1528.89,IF20,2143.79,IF20,208086689,IF20,1543575,IF20,1463236,IF20,6793131,IF20,217886631,IF20,84801527,IF20,32838889,IF20,117640416,IF20,17296930,IF20,13139626,IF20,4216150,IF20,34652706,IF20,58545466,IF20,210838588,IF20,8701714,IF20,84180,IF20,19430,IF20,885094,IF20,9690418,IF20,16974927,IF20,7351702,IF20,11051177,IF20,523255,IF20,8137857,IF20,1162783,IF20,528750,IF20,427,IF20,2136,R_20,2563,IF20,371563,R_20,16665171,IF20,1687185,IF20,3147196,IF20,46491422,IF20,12685174,IF20,19819901,IF20,26671521,IF20,9820998,R_20,29640899,IF20,56312420,IF20,414229,IF20,503641,IF20,68673,IF20,32349,IF20,7406,IF20,1219102,IF20,830884,IF20,79174,IF20,4847,IF20,2808038,IF20,9002799,IF20,36987214,07/01/2019,06/30/2020,04,2021,06
CA,39767327,E_20,39767327,39782870,199,R_20,973,R_20,54,R_20,3292.32,R_20,3551.35,R_20,8244.4,R_20,11795.75,R_20,1699425878,R_20,41862982,R_20,6686450,R_20,77500885,R_20,1825476195,R_20,723624718,R_20,392918371,R_20,1116543089,R_20,72554558,R_20,65653363,R_20,17008914,R_20,155216835,R_20,453465018,R_20,1725224942,R_20,100649619,R_20,2092934,R_20,1255157,R_20,5888061,R_20,109885771,R_20,104343893,R_20,55900399,R_20,35502503,R_20,2764509,R_20,17365078,R_20,4884508,R_20,4004771,R_20,4327,R_20,468,R_20,4795,R_20,1488530,R_20,95821437,R_20,12901341,R_20,23439594,R_20,175899031,R_20,68137276,R_20,44672031,R_20,131227215,R_20,49322182,R_20,93994213,R_20,225213931,R_20,2621186,R_20,2297125,R_20,323033,R_20,184437,R_20,33383,R_20,7555074,R_20,5553796,R_20,485686,R_20,24412,R_20,16938386,R_20,32575819,R_20,94610537,07/01/2019,06/30/2020,06,2021,08
CO,5716398,R_20,5608629,5746810,95,R_20,168,R_20,12,R_20,652.97,IF20,943.56,IF20,2521.5,IF20,3465.06,IF20,394792328,IF20,1933882,IF20,2266099,IF20,23211218,IF20,422203527,IF20,161431640,IF20,49588752,IF20,211020392,IF20,14426131,IF20,24195316,IF20,5345981,IF20,43967428,IF20,69768335,IF20,324756155,IF20,12201563,IF20,1640300,IF20,41745,IF20,1515241,IF20,15398849,IF20,41846678,IF20,9303385,IF20,6373535,IF20,719653,IF20,4941151,IF20,1331553,IF20,1056966,IF20,1941,IF20,8,IF20,1949,IF20,332603,R_20,9320267,IF20,1775325,IF20,3647604,IF20,43527138,IF20,13023773,IF20,14716448,IF20,28810690,IF20,6394728,IF20,21111176,IF20,49921866,IF20,1138390,IF20,876561,IF20,24886,IF20,13332,IF20,2452,IF20,464726,IF20,309418,IF20,26967,IF20,3207,IF20,1491500,IF20,4694811,IF20,30285585,01/01/2020,12/31/2020,08,2021,07
CT,4329754,R_20,3565287,3565287,191,R_20,45,R_20,5,R_20,757.11,IF20,1098.19,IF20,1108.01,IF20,2206.2,IF20,186051937,IF20,1036249,IF20,1465255,IF20,26903645,IF20,215457086,IF20,125381692,IF20,37212952,IF20,162594644,IF20,10721786,IF20,5680813,IF20,2119354,IF20,18521953,IF20,36323896,IF20,217440493,IF20,15362037,IF20,4871848,IF20,28683,IF20,10988881,IF20,31251449,IF20,26972272,IF20,12669212,IF20,2853186,IA20,748709,IF20,1189468,IA20,1213619,IF20,36966,IA20,1804,IF20,7458,IF20,9262,IF20,382069,R_20,14204846,IF20,2310139,IF20,1507766,IF20,20570743,IF20,7027408,IF20,3361817,IF20,17208926,IF20,3348321,IF20,6710138,IF20,23919064,IF20,778951,IF20,711071,IF20,98219,IF20,51615,IF20,9116,IF20,1881234,IF20,1067925,IF20,105483,IF20,4605,IF20,2436001,IF20,3032901,IF20,15563096,07/01/2019,06/30/2020,09,2021,01
DC,689545,R_20,689545,689545,1,R_20,26,R_20,0,R_20,128,R_20,128,R_20,466,R_20,594,R_20,62518091,R_20,0,R_20,1059893,R_20,1795338,R_20,65373322,R_20,37971096,R_20,9202426,R_20,47173522,R_20,3848586,R_20,2012833,R_20,0,R_20,5861419,R_20,11557459,R_20,64592400,R_20,39825000,R_20,0,R_20,0,R_20,0,R_20,39825000,R_20,70275096,R_20,201230,R_20,38623,R_20,1206,R_20,14090,R_20,21608,R_20,827,R_20,80,R_20,0,R_20,80,R_20,43215,R_20,1852701,R_20,283550,IA20,414610,R_20,4067352,R_20,1044681,R_20,2025903,R_20,2041449,R_20,1494107,R_20,3520010,R_20,5561459,R_20,68,R_20,50,R_20,7546,R_20,4008,R_20,265,R_20,237373,R_20,164165,R_20,7518,R_20,200,R_20,466968,R_20,353076,R_20,4032772,10/01/2019,09/30/2020,11,2021,02
DE,973757,R_20,973757,973757,19,R_20,14,R_20,2,R_20,67.01,R_20,130.95,R_20,230.19,R_20,361.14,R_20,26899188,R_20,4122839,R_20,292202,R_20,1687672,R_20,33001901,R_20,14480031,R_20,5305439,R_20,19785470,R_20,1632176,R_20,350861,R_20,326339,R_20,2309376,R_20,9057507,R_20,31152353,R_20,533704,R_20,2888261,R_20,125000,R_20,713086,R_20,4260051,R_20,1883529,R_20,1426697,R_20,605388,R_20,118334,R_20,220185,R_20,170546,R_20,21126,R_20,37,R_20,126,R_20,163,R_20,66582,R_20,2744471,R_20,324251,IF20,315333,R_20,4170702,R_20,1273978,R_20,660766,R_20,3509936,R_20,139828,R_20,800594,R_20,4310530,R_20,584487,R_20,593038,R_20,21337,R_20,7462,R_20,1509,R_20,286249,R_20,147709,R_20,10537,R_20,1053,R_20,345214,R_20,577591,R_20,1319126,07/01/2019,06/30/2020,10,2021,02
FL,21888745,R_20,21551698,21596068,56,R_20,480,R_20,21,R_20,1734.14,IF20,1967.13,IF20,4489.45,IF20,6456.58,IF20,647363434,IF20,21983856,IF20,1723788,IF20,19505003,IF20,690576081,IF20,268171864,IF20,106432177,IF20,374604041,IF20,31300430,IF20,31526117,IF20,6945835,IF20,69772382,IF20,170195385,IF20,614571808,IF20,41526507,IF20,53066,IF20,173658,IF20,1067614,IF20,42820845,IF20,32255787,IF20,24039560,IF20,12547497,IF20,1530889,IF20,36418317,IF20,3279916,IF20,1020453,IF20,1082,IF20,3967,R_20,5049,IF20,894205,R_20,34862119,IF20,12159323,IF20,11454882,IF20,79125587,IF20,23357549,IF20,24961374,IF20,54164213,IF20,20974352,IF20,45935726,IF20,100099939,IF20,94841,IF20,85389,IF20,157859,IF20,61277,IF20,17092,IF20,3510997,IF20,1756125,IF20,355797,IF20,17429,IF20,7070614,IF20,9646814,IF20,57394612,10/01/2019,09/30/2020,12,2021,05
GA,10833472,R_20,10833472,10833472,60,R_20,332,R_20,9,R_20,560.15,R_20,560.15,R_20,2195.04,IF20,2755.19,IF20,169661764,R_20,37430740,R_20,486284,R_20,11609113,R_20,219187901,R_20,104624558,R_20,45325640,R_20,149950198,R_20,9983160,R_20,5268415,R_20,2475545,R_20,17727120,R_20,37083417,R_20,204760735,R_20,71803009,R_20,7997632,R_20,153442,R_20,1137053,R_20,81091136,R_20,90389247,IF20,14732883,R_20,2955286,R_20,485324,R_20,1892210,R_20,1157320,R_20,382767,R_20,293,R_20,3726,R_20,4019,R_20,621702,R_20,18209721,R_20,4008063,IF20,4368774,R_20,28938310,R_20,12091148,R_20,5582785,R_20,23355525,R_20,2476479,R_20,8059264,R_20,31414789,R_20,13942,IF20,11586,R_20,76407,R_20,38269,R_20,7593,R_20,1809232,R_20,1042797,R_20,116044,R_20,10149,R_20,6784008,R_20,4221869,R_20,26431644,07/01/2019,06/30/2020,13,2021,05
GU,168678,R_20,168678,168678,1,R_20,5,R_20,0,R_20,0,R_20,0,R_20,17,R_20,17,R_20,1217900,R_20,0,R_20,0,R_20,5342,R_20,1223242,R_20,554440,R_20,219830,R_20,774270,R_20,3747,R_20,180,R_20,0,R_20,3927,R_20,16767,R_20,794964,R_20,1255704,R_20,0,R_20,0,R_20,0,R_20,1255704,R_20,0,R_20,286930,R_20,0,R_20,43,R_20,0,R_20,41,R_20,0,R_20,4,R_20,0,R_20,4,R_20,2071,R_20,35115,R_20,2119,R_20,68725,R_20,14618,R_20,8148,R_20,0,R_20,14618,R_20,0,R_20,0,R_20,14618,R_20,0,R_20,0,R_20,807,R_20,279,R_20,316,R_20,8326,R_20,5668,R_20,2224,R_20,732,R_20,2597,R_20,847,R_20,101200,10/01/2019,09/30/2020,66,2021,09
HI,1415872,R_20,1415872,1415872,1,R_20,50,R_20,2,R_20,143,R_20,144,R_20,322,R_20,466,R_20,0,R_20,34413037,R_20,884463,R_20,1671392,R_20,36968892,R_20,24976710,R_20,205750,R_20,25182460,R_20,2491491,R_20,1120394,R_20,630790,R_20,4242675,R_20,11520179,R_20,40945314,R_20,0,R_20,15369000,R_20,0,R_20,0,R_20,15369000,R_20,6946821,R_20,3173711,R_20,135098,R_20,110815,R_20,41953,R_20,175895,R_20,0,R_20,0,R_20,101,R_20,101,R_20,72176,R_20,2597672,R_20,455768,R_20,1021208,R_20,4624740,R_20,1827648,R_20,1017454,R_20,3607286,R_20,47299508,R_20,48316962,R_20,51924248,R_20,146,R_20,11,R_20,9049,R_20,6370,R_20,1076,R_20,212347,R_20,160838,R_20,21346,R_20,583,R_20,1140377,R_20,341736,R_20,2239696,07/01/2019,06/30/2020,15,2021,08
IA,3106611,R_20,3074054,3155070,543,R_20,24,R_20,4,R_20,330.08,IF20,1023.08,IF20,711.21,IF20,1734.29,IF20,128390985,IF20,2559766,IF20,45628,IF20,7528170,IF20,138524549,IF20,71385100,IF20,24644570,IF20,96029670,IF20,9050779,IF20,4030410,IF20,2472663,IF20,15553852,IF20,23372823,IF20,134956345,IF20,8523925,IF20,808848,IF20,83205,IF20,3257345,IF20,12673323,IF20,23851804,IF20,11451719,IF20,27325516,IF20,622987,IF20,12505079,IF20,1215559,IF20,56930,IF20,1306,IF20,20568,R_20,21874,IF20,965995,R_20,11854428,IF20,1165415,IF20,1917513,IF20,19898889,IF20,6887705,IF20,3272479,IF20,16626410,IF20,2892946,IF20,6165425,IF20,22791835,IF20,360144,IF20,306402,IF20,84244,IF20,48846,IF20,7759,IF20,1571407,IF20,1106245,IF20,92210,IF20,8977,IF20,1663956,IF20,5504530,IF20,7850446,07/01/2019,06/30/2020,19,2021,04
ID,1535815,R_20,1535815,1787065,100,R_20,49,R_20,13,R_20,111.51,R_20,244.39,R_20,617.39,R_20,861.78,R_20,62839014,R_20,2112694,R_20,261856,R_20,4476792,R_20,69690356,R_20,29211372,R_20,9875610,R_20,39086982,R_20,3883251,R_20,2507108,R_20,823529,R_20,7213888,R_20,15060907,R_20,61361777,R_20,2487510,R_20,24412,R_20,129702,R_20,1008353,R_20,3649977,R_20,3104435,R_20,4251260,IF20,1300365,R_20,211809,R_20,464013,R_20,379381,R_20,17516,R_20,494,R_20,1560,R_20,2054,R_20,222103,R_20,4533303,IF20,706787,IF20,810966,R_20,12416913,IF20,4696605,IF20,2335003,R_20,10081910,IF20,659169,R_20,2994172,R_20,13076082,IF20,810411,IF20,809458,IF20,20844,IF20,12441,IF20,2216,IF20,481782,IF20,325952,IF20,29743,IF20,1837,R_20,728684,IF20,1676641,IF20,7233470,10/01/2019,09/30/2020,16,2021,07
IL,11736506,R_20,11736506,12671821,623,R_20,152,R_20,17,R_20,2233.35,R_20,3227.55,R_20,5298.02,R_20,8525.57,R_20,814663334,R_20,44146394,R_20,2093692,R_20,47714295,R_20,908617715,R_20,407437685,R_20,113912395,R_20,521350080,R_20,39517570,R_20,29805615,R_20,12088502,R_20,81411687,R_20,202539181,R_20,805300948,R_20,68727352,R_20,374039,IF20,42553,IF20,7222089,IF20,76366033,IF20,83439888,IF20,37805583,R_20,42992157,IF20,2656566,R_20,22778205,IF20,3842503,R_20,2002360,IF20,6414,IF20,8099,R_20,14513,IF20,1677195,R_20,50159232,IF20,7229500,IF20,4627390,R_20,94079817,IF20,34629035,R_20,13961284,IF20,80118533,R_20,18626666,IF20,32587950,IF20,112706483,IF20,5147197,IF20,5142066,IF20,230820,IF20,129094,IF20,29695,IF20,4959555,IF20,3305756,IF20,368356,IF20,16117,R_20,7912970,IF20,28905395,IF20,58511892,12/01/2018,06/30/2020,17,2021,03
IN,6210308,IF20,6106421,6483802,235,R_20,192,R_20,26,R_20,1001.11,IF20,1491.9,IF20,2807.64,IF20,4299.54,IF20,353784566,IF20,26559320,IF20,1776065,IF20,20022238,IF20,402142189,IF20,161410329,IF20,53542521,IF20,214952850,IF20,20737564,IF20,19519875,IF20,5614333,IF20,45871772,IF20,84229299,IF20,345053921,IF20,71946660,IF20,1649732,IF20,19042,IF20,7249616,IF20,80865050,IF20,76782077,IF20,21041922,IF20,16474133,IF20,1243444,IF20,4542570,IF20,2348910,IF20,532054,IF20,4999,IF20,20296,R_20,25295,IF20,762646,R_20,12760976,IF20,1851023,IF20,2740462,IF20,41838212,IF20,12908669,IF20,11278370,IF20,30559842,IF20,11380920,IF20,22659290,IF20,53219132,IF20,676727,IF20,674372,IF20,55202,IF20,28771,IF20,6218,IF20,961400,IF20,568337,IF20,66075,IF20,7193,IF20,1830835,IF20,11473748,IF20,28125478,01/01/2020,12/31/2020,18,2021,03
KS,2519540,R_20,2519540,2913314,324,R_20,47,R_20,9,R_20,280.39,R_20,725.3,R_20,1029.85,R_20,1755.15,R_20,137869132,IF20,4477959,R_20,599347,IF20,13232023,IF20,156178461,IF20,67778970,IF20,22166310,IF20,89945280,IF20,7118129,IF20,5594830,IF20,2222965,IF20,14935924,IF20,39334131,IF20,144215335,IF20,5990659,IF20,0,IF20,0,IF20,1801458,IF20,7792117,IF20,5701219,IF20,8438280,R_20,110248113,R_20,429225,IF20,46462759,R_20,975693,IF20,2925116,IF20,5209,IF20,24375,R_20,29584,IF20,565583,R_20,5433344,IF20,1301309,IF20,3293951,IF20,17430304,IF20,6357845,IF20,3712787,R_20,13717517,IF20,1203259,IF20,4916046,IF20,18633563,IF20,626204,IF20,640014,IF20,37023,IF20,22794,IF20,4631,IF20,780756,IF20,528597,IF20,65588,IF20,3262,IF20,822259,IF20,2667796,IF20,7061033,01/01/2020,12/31/2020,20,2021,04
KY,4475071,R_20,4467673,4475071,120,R_20,84,R_20,72,R_20,390.61,R_20,1315.63,R_20,969.78,R_20,2285.41,R_20,196113323,R_20,6477410,R_20,194830,R_20,7834529,R_20,210620092,R_20,76506228,R_20,32381821,R_20,108888049,R_20,9462074,R_20,8697305,R_20,3533532,R_20,21692911,R_20,36247443,R_20,166828403,R_20,1938286,R_20,490760,R_20,0,R_20,1705871,R_20,4134917,R_20,40935676,R_20,8990741,R_20,19259500,R_20,510748,R_20,5403399,R_20,1007471,R_20,356864,R_20,1062,R_20,7566,R_20,8628,R_20,622412,R_20,11430998,R_20,2757602,R_20,2566165,R_20,25717063,R_20,7402518,R_20,5308699,R_20,20408364,R_20,5834071,R_20,11142770,R_20,31551134,R_20,33477,R_20,51082,R_20,79219,R_20,38045,R_20,8361,R_20,2521547,R_20,1006830,R_20,154565,R_20,4888,R_20,2562349,R_20,5318812,R_20,16205644,07/01/2019,06/30/2020,21,2021,05
LA,4595036,R_20,4595036,4645318,67,R_20,269,R_20,25,R_20,476.12,R_20,1257.3,R_20,1472.39,R_20,2729.69,R_20,262721483,R_20,4662744,R_20,1152849,R_20,6680231,R_20,275217307,R_20,104107256,R_20,39916735,R_20,144023991,R_20,11345870,R_20,10964188,R_20,5561956,R_20,27872014,R_20,58777981,R_20,230673986,R_20,9293001,R_20,0,R_20,52048,R_20,2068551,R_20,11413600,R_20,26814063,R_20,11046145,IF20,6505598,R_20,455021,R_20,2885640,R_20,1354499,R_20,780820,R_20,1343,R_20,3283,R_20,4626,R_20,563254,R_20,6634013,R_20,2102591,R_20,2388942,R_20,14941612,R_20,2904038,R_20,5071589,R_20,9870023,R_20,26134950,R_20,31206539,R_20,41076562,R_20,46724,R_20,60196,R_20,31017,R_20,16534,R_20,5251,R_20,807646,R_20,529594,R_20,85543,R_20,5284,R_20,1319894,R_20,3365716,IF20,13216567,01/01/2020,12/31/2020,22,2021,05
MA,6901795,R_20,6901567,6901795,369,R_20,92,R_20,6,R_20,1306.89,IF20,1994.81,IF20,1896.4,IF20,3891.21,IF20,309057295,IF20,12751058,IF20,714950,IF20,27057155,IF20,349580458,IF20,220077900,IF20,35938716,IF20,256016616,IF20,20404649,IF20,13192330,IF20,5681541,IF20,39278520,IF20,55369959,IF20,350665095,IF20,18121852,IF20,22211267,IF20,34200,IF20,3559693,IF20,43927012,IF20,56051790,IF20,28468380,IF20,24536003,IF20,1470561,IF20,7446469,IF20,2193309,IF20,448833,IF20,4793,IF20,19158,IF20,23951,IF20,957989,R_20,26967040,IF20,3637740,IF20,3779561,IF20,46009895,IF20,16394563,IF20,9292057,IF20,36717838,IF20,79144877,IF20,88436934,IF20,125154772,IF20,4647071,IF20,4717237,IF20,139493,IF20,70164,IF20,14167,IF20,2417489,IF20,1517222,IF20,150016,IF20,7079,IF20,4212943,IF20,25371947,IF20,122743796,07/01/2019,06/30/2020,25,2021,01
MD,6052177,R_20,6052177,6052177,14,R_20,175,R_20,21,R_20,688.48,R_20,1406.2,R_20,1890.31,R_20,3296.51,R_20,230283983,R_20,59791533,R_20,2339620,R_20,29908138,R_20,322323274,R_20,169186653,R_20,67648080,R_20,236834733,R_20,15577104,R_20,14191122,R_20,5163614,R_20,34931840,R_20,36843675,R_20,308610248,R_20,17611929,R_20,5533462,R_20,0,R_20,5767740,R_20,28913131,R_20,28445210,R_20,10419314,R_20,4041826,R_20,799651,R_20,2446373,R_20,1046644,R_20,431780,R_20,804,R_20,216,R_20,1020,R_20,362245,R_20,17483983,R_20,5391532,R_20,3148306,R_20,43696507,R_20,15790118,R_20,8307645,R_20,35388862,R_20,11679604,R_20,19987249,R_20,55376111,R_20,336008,R_20,353582,R_20,76288,R_20,40640,R_20,9173,R_20,1959528,R_20,1178251,R_20,151472,R_20,5636,R_20,3509938,R_20,18303156,R_20,21826106,07/01/2019,06/30/2020,24,2021,02
ME,1315468,R_20,1224488,1350141,255,R_20,4,R_20,1,R_20,164.5,IF20,371.23,IF20,338.98,IF20,710.21,IF20,38638659,R_20,377394,IF20,914941,IF20,13133258,IF20,53064252,IF20,29134151,IF20,7356917,IF20,36491068,IF20,3024847,IF20,548846,IF20,539055,IF20,4112748,IF20,10797591,IF20,51401407,IF20,1931913,IF20,2500,IF20,110722,IF20,3522047,IF20,5567182,IF20,8372345,IF20,6093087,IF20,4997940,IF20,246256,IF20,2748003,IF20,450958,IF20,428404,IF20,20490,R_20,0,R_20,20490,R_20,256857,R_20,3964950,IF20,432117,IF20,636010,IF20,5860485,IF20,2174762,IF20,782304,IF20,5078181,IF20,648431,IF20,1430735,IF20,6508916,IF20,433568,IF20,467335,IF20,34789,IF20,13849,IF20,2238,IF20,588753,IF20,225579,IF20,22898,IF20,1924,R_20,388626,IF20,1122799,IF20,2958895,07/01/2019,12/31/2020,23,2021,01
MI,9857597,R_20,9857597,9986857,393,R_20,254,R_20,10,R_20,1282.64,IF20,1842.33,IF20,2985.28,IF20,4827.61,IF20,441344958,IF20,11837299,IF20,449827,IF20,31464146,IF20,485096230,IF20,202057963,IF20,69315546,IF20,271373509,IF20,23422948,IF20,14456264,IF20,9302254,IF20,47181466,IF20,114360485,IF20,432915460,IF20,15810405,IF20,198182,IF20,289058,IF20,6782472,IF20,23080117,IF20,85853692,IF20,25321988,IF20,23415554,IF20,1768536,IF20,12772305,IF20,2782032,IF20,2127148,IF20,2515,IF20,219,IF20,2734,IF20,1322677,R_20,33880114,IF20,5916581,IF20,4312889,IF20,69554829,IF20,22235104,IF20,11934086,IF20,57620743,IF20,6341769,IF20,18275855,IF20,75896598,IF20,2453807,IF20,2537036,IF20,163160,IF20,77674,IF20,14368,IF20,4170942,IF20,2267173,IF20,254973,IF20,12124,IF20,5277968,IF20,11426180,IF20,54968040,12/01/2018,09/30/2020,26,2021,03
MN,6033891,R_20,5680337,5680337,127,R_20,228,R_20,9,R_20,544.84,R_20,844.46,R_20,1301.36,R_20,2145.82,R_20,228124063,R_20,8260429,R_20,4091913,R_20,17458493,R_20,257934898,R_20,108933800,R_20,38774893,IF20,147708693,R_20,11305830,IF20,9023176,IF20,3650399,R_20,23979405,IF20,56543401,R_20,228231499,R_20,18616608,R_20,195519,R_20,28210,R_20,350714,R_20,19191051,R_20,18548399,R_20,13476766,R_20,4963515,R_20,770067,R_20,1390263,R_20,1112448,R_20,36783,R_20,830,R_20,7695,R_20,8525,R_20,405276,R_20,7863564,IF20,1593786,IF20,3497360,R_20,32054833,R_20,10434571,R_20,9935422,R_20,22119411,R_20,4726646,IF20,14662068,IF20,36781479,IF20,978634,IF20,941536,IF20,23898,IF20,13087,IF20,2292,IF20,402863,IF20,263086,IF20,16569,IF20,5440,R_20,1079560,IF20,2868718,R_20,32648826,01/01/2020,12/31/2020,27,2021,04
MO,5463832,R_20,5463832,6126452,139,R_20,227,R_20,24,R_20,312.97,IF20,853.28,IF20,2511.89,IF20,3365.17,IF20,288000752,IF20,4664692,IF20,2401249,IF20,15199034,IF20,310265727,IF20,123063660,IF20,39376320,IF20,162439980,IF20,16838689,IF20,16545931,IF20,6414104,IF20,39798724,IF20,73690116,IF20,275928820,IF20,2011756,IF20,0,IF20,503326,IF20,4325348,IF20,6840430,IF20,44457583,IF20,15332105,IF20,7511565,IF20,903691,IF20,3110395,IF20,1395040,IF20,472841,IF20,1144,IF20,2516,IF20,3660,IF20,791779,R_20,19758877,IF20,2743452,IF20,3308004,IF20,49445938,IF20,15834008,IF20,10120779,IF20,39325159,IF20,9441813,IF20,19562592,IF20,58887751,IF20,489410,IF20,526171,IF20,112346,IF20,54427,IF20,8132,IF20,2145182,IF20,1518840,IF20,131265,IF20,4676,IF20,3201885,IF20,4886779,IF20,32753377,01/01/2019,10/31/2020,29,2021,04
MP,53883,R_20,53883,53883,1,R_20,2,R_20,1,R_20,1,R_20,4,R_20,13,R_20,17,R_20,376282,R_20,0,R_20,43041,R_20,0,R_20,419323,R_20,354467,R_20,3860,R_20,358327,R_20,5498,R_20,0,R_20,0,R_20,5498,R_20,50988,R_20,414813,R_20,0,R_20,0,R_20,0,R_20,0,R_20,0,R_20,0,R_20,83624,R_20,5500,R_20,336,R_20,0,R_20,4725,R_20,0,R_20,0,R_20,0,R_20,0,R_20,5062,R_20,44710,R_20,700,R_20,52361,R_20,36564,R_20,9381,R_20,7664,R_20,28900,R_20,0,R_20,7664,R_20,36564,R_20,0,R_20,0,R_20,10,R_20,5,R_20,5,R_20,2611,R_20,2328,R_20,283,R_20,40,R_20,3615,R_20,1501,R_20,4457,10/01/2019,09/30/2020,69,2021,09
MS,2996401,IF20,2956871,2976149,53,R_20,176,R_20,3,R_20,125,IF20,603.6,IF20,213.59,IF20,817.19,IF20,39670535,IF20,6925002,R_20,575942,R_20,3957084,IF20,51128563,IF20,24206999,IF20,8843551,IF20,33050550,IF20,2233914,IF20,885170,IF20,474532,IF20,3593616,IF20,10788537,IF20,47432703,IF20,124640,IF20,0,IF20,0,IF20,17470,IF20,142110,IF20,836529,IF20,5375400,IF20,867166,R_20,181852,IF20,196038,IF20,419063,IF20,20384,IF20,176,IF20,2491,R_20,2667,IF20,310026,R_20,3494007,IF20,658629,IF20,1553740,IF20,4452053,IF20,1463374,IF20,421297,IF20,4030756,IF20,1551845,R_20,1973142,R_20,6003898,R_20,23484,IF20,27824,IF20,17874,IF20,7378,IF20,1400,IF20,678930,IF20,378924,IF20,17765,IF20,2744,IF20,786706,IF20,2015299,IF20,2289477,10/01/2019,09/30/2020,28,2021,05
MT,988533,R_20,988533,988533,82,R_20,34,R_20,8,R_20,73.53,IF20,235.26,IF20,164.92,IF20,400.18,IF20,30596407,IF20,1043563,IF20,23040,IF20,1810132,IF20,33473142,IF20,15737490,IF20,5448149,IF20,21185639,IF20,1747136,IF20,638598,IF20,481212,IF20,2866946,IF20,5466683,IF20,29519268,IF20,205619,IF20,1920,IF20,0,IF20,40451,IF20,247990,IF20,5929675,IF20,2392780,IF20,3256787,IF20,116589,IF20,2059009,IF20,236380,IF20,117473,IF20,201,IF20,23,IF20,224,IF20,169846,R_20,2982245,IF20,415343,IF20,415232,IF20,4983055,IF20,1600854,IF20,1155604,IF20,3827451,IF20,273178,IF20,1428782,IF20,5256233,IF20,253018,IF20,255682,IF20,14386,IF20,8367,IF20,1866,IF20,251059,IF20,150665,IF20,18827,IF20,1088,IF20,458340,IF20,777498,IF20,1671340,07/01/2019,06/30/2020,30,2021,07
NC,10487088,R_20,10487088,10487088,71,R_20,318,R_20,21,R_20,771.01,R_20,830.18,R_20,2290.32,R_20,3120.5,R_20,231677668,R_20,14415707,R_20,1570272,R_20,15082442,R_20,262746089,R_20,123539168,R_20,50597810,R_20,174136978,R_20,16283387,R_20,9143072,R_20,2134239,R_20,27560698,R_20,43231958,R_20,244929634,R_20,17726779,R_20,450000,R_20,144136,R_20,967789,R_20,19288704,R_20,41585882,R_20,15011479,R_20,9941227,R_20,617880,R_20,1992320,R_20,929342,R_20,243944,R_20,503,R_20,7354,R_20,7857,R_20,690729,R_20,21615878,R_20,5593177,IF20,5820973,IF20,42604835,R_20,17491478,R_20,9491521,R_20,33113314,R_20,19725174,R_20,29216695,R_20,62330009,R_20,422149,R_20,435440,R_20,112056,R_20,68383,R_20,9642,R_20,2680789,R_20,1971775,R_20,145824,R_20,7539,R_20,3242265,R_20,5756818,IF20,37335481,07/01/2019,06/30/2020,37,2021,05
ND,687262,R_20,687262,760077,79,R_20,8,R_20,10,R_20,56.85,IF20,141.14,IF20,110.89,IF20,252.03,IF20,20060952,IF20,1441870,IF20,19161,IF20,962677,IF20,22484660,IF20,11226018,IF20,3552668,IF20,14778686,IF20,1695740,IF20,585047,IF20,335748,IF20,2616535,IF20,5024506,IF20,22419727,IF20,1006333,IF20,19764,IF20,0,IF20,255783,IF20,1281880,IF20,2139686,IF20,2093137,IF20,1547516,IF20,91731,IF20,665191,IF20,150541,IF20,105782,IF20,2382,IF20,1501,R_20,3883,IF20,111317,R_20,912480,IF20,150635,IF20,246299,IF20,2381632,IF20,834884,IF20,607472,IF20,1774160,IF20,272804,IF20,880276,IF20,2654436,IF20,56324,IF20,37673,IF20,5917,IF20,3943,IF20,615,IF20,264151,IF20,196892,IF20,9962,IF20,701,IF20,146467,IF20,1261298,IF20,692409,01/01/2020,12/31/2020,38,2021,04
NE,1595049,R_20,1595049,1934408,244,R_20,20,R_20,7,R_20,119.06,IF20,431.65,IF20,344.29,IF20,775.94,IF20,63382345,IF20,625970,IF20,84610,IF20,2866985,IF20,66959910,IF20,30039542,IF20,10325474,IF20,40365016,IF20,4430189,IF20,2164425,IF20,1096273,IF20,7690887,IF20,11877893,IF20,59933796,IF20,3336318,IF20,2777,IF20,44058,IF20,995304,IF20,4378457,IF20,7193935,IF20,5544038,IF20,5425825,IF20,232422,IF20,3681818,IF20,422048,IF20,8525,IF20,343,IF20,6100,R_20,6443,IF20,322809,R_20,3613263,IF20,446801,IF20,1067180,IF20,9507429,IF20,4063511,IF20,2395740,IF20,7111689,IF20,1244077,IF20,3639817,IF20,10751506,IF20,23186,IF20,22426,IF20,20404,IF20,13100,IF20,1718,IF20,488311,IF20,368904,IF20,24745,IF20,2574,IF20,700028,IF20,2738211,IF20,4889889,01/01/2019,12/31/2020,31,2021,04
NH,1476655,R_20,1377529,1377529,224,R_20,6,R_20,0,R_20,253.33,IF20,582.4,IF20,272.04,IF20,854.44,IF20,62930473,IF20,25808,IF20,178312,IF20,4344995,IF20,67479588,IF20,38344741,IF20,11189828,IF20,49534569,IF20,3691002,IF20,1410258,IF20,738566,IF20,5839826,IF20,9704109,IF20,65078504,IF20,40063589,IF20,951757,IF20,731,IF20,8877126,IF20,49893203,IF20,10218142,IF20,5368969,IF20,8903890,R_20,277073,IF20,7017458,R_20,527838,IF20,1079433,R_20,250,R_20,4662,R_20,4912,R_20,229132,R_20,3458789,IF20,521364,IF20,711956,IF20,7069354,IF20,2187467,IF20,1767755,R_20,5301599,IF20,991788,R_20,2759543,R_20,8061142,IF20,184639,IF20,187684,IF20,30452,IF20,16551,IF20,2747,IF20,465903,IF20,306465,IF20,29686,IF20,1370,IF20,330448,IF20,835958,IF20,2913430,07/01/2019,12/31/2020,33,2021,01
NJ,9404597,R_20,8708750,8791894,296,R_20,144,R_20,11,R_20,1312.88,R_20,1403.98,IF20,3053.81,IF20,4457.79,IF20,491632098,IF20,4024311,IF20,1587472,IF20,13265378,IF20,510509259,IF20,235943559,IF20,100299467,IF20,336243026,IF20,20874982,IF20,13106108,IF20,4595222,IF20,38576312,IF20,84375149,IF20,459194487,IF20,9060255,IF20,101598,IF20,0,IF20,1852663,IF20,11014516,IF20,14012660,IF20,24795909,IF20,26702512,IF20,2625310,IF20,18740684,IF20,2375195,IF20,3680965,IF20,3949,IF20,6512,R_20,10461,IF20,681547,R_20,13375081,IF20,2682558,IF20,3934803,IF20,31853585,IF20,10648090,IF20,8486618,IF20,23366967,IF20,4162902,IF20,12649520,IF20,36016487,IF20,1279726,IF20,1316648,IF20,120533,IF20,60277,IF20,13358,IF20,2938777,IF20,1751214,IF20,191950,IF20,7916,IF20,1839141,IF20,7627312,IF20,19808683,01/01/2020,12/31/2020,34,2021,02
NM,1502038,R_20,1502038,2059179,98,R_20,28,R_20,1,R_20,125.3,IF20,266.66,IF20,401.55,IF20,668.21,IF20,45713964,IF20,4303547,IF20,588261,IF20,3261619,IF20,53867391,IF20,23069020,IF20,9424739,IF20,32493759,IF20,3500864,IF20,2791644,IF20,1133988,IF20,7426496,IF20,9723998,IF20,49644253,IF20,3694521,IF20,952332,IF20,39690,IF20,763956,IF20,5450499,IF20,3575329,IF20,3905749,IF20,1099897,IF20,185501,IF20,404250,IF20,383117,IF20,67179,IF20,364,IF20,4802,R_20,5166,IF20,208858,R_20,4679185,IF20,651165,IF20,1170263,IF20,7635268,IF20,2699486,IF20,2372954,IF20,5262314,IF20,1530677,IF20,3903631,IF20,9165945,IF20,7827,IF20,14754,IF20,18562,IF20,10409,IF20,3009,IF20,324236,IF20,218555,IF20,20805,IF20,1810,IF20,1064681,IF20,3044378,IF20,3870307,07/01/2019,06/30/2020,35,2021,06
NV,3111753,R_20,3111753,3112937,20,R_20,64,R_20,4,R_20,172.98,R_20,216.62,R_20,629.99,R_20,846.61,R_20,80200686,R_20,26080503,R_20,929034,R_20,3323144,R_20,110533367,R_20,48508874,R_20,21056330,R_20,69565204,R_20,4881157,R_20,6358294,R_20,1715700,R_20,12955151,R_20,18547175,R_20,101067530,R_20,57515,R_20,0,R_20,0,R_20,47402,R_20,104917,R_20,1669587,R_20,3317983,R_20,719992,R_20,236150,R_20,683558,R_20,518612,R_20,93037,R_20,292,R_20,990,R_20,1282,R_20,126573,R_20,6858254,R_20,773314,R_20,1338920,R_20,14482395,R_20,3885127,R_20,4436797,R_20,10045598,R_20,2507687,R_20,6944484,R_20,16990082,R_20,21476,R_20,23435,R_20,25263,R_20,13512,R_20,3626,R_20,595414,R_20,370152,R_20,54058,R_20,1485,R_20,1756446,R_20,1223999,R_20,9088353,07/01/2019,06/30/2020,32,2021,08
NY,19568973,R_20,19378102,19378102,755,R_20,314,R_20,14,R_20,3590.7,R_20,4382.11,R_20,7880.01,R_20,12262.12,R_20,1254516265,IF20,48034331,IF20,7228809,R_20,178058591,IF20,1487837996,IF20,694034115,IF20,298671816,IF20,992705931,IF20,47466557,IF20,39073609,IF20,10080712,IF20,96620878,IF20,241839200,IF20,1331166009,IF20,50091179,IF20,21921708,IF20,2719966,IF20,57275444,IF20,132008297,IF20,153977799,IF20,63897822,IF20,50893315,IF20,2809704,IF20,14238039,IF20,5432261,IF20,953159,IF20,11908,IF20,11340,R_20,23248,IF20,1457648,R_20,37763326,IF20,7364245,IF20,10328292,IF20,65431543,IF20,16368265,IF20,19997504,IF20,45434039,IF20,12936370,IF20,32933874,IF20,78367913,IF20,4888001,IF20,4943364,IF20,318178,IF20,122338,IF20,37531,IF20,6612372,IF20,3391403,IF20,486591,IF20,18312,IF20,5489044,IF20,9469434,IF20,75947203,04/01/2019,12/31/2020,36,2021,02
OH,11510799,R_20,11502271,11502271,239,R_20,483,R_20,55,R_20,2007.12,IF20,2831.83,IF20,5970.43,IF20,8802.26,IF20,450420332,R_20,408462270,IF20,2481371,R_20,71711874,IF20,933075847,IF20,352665251,R_20,125632412,R_20,478297663,R_20,33433123,R_20,35549438,R_20,21510127,R_20,90492688,R_20,149273669,R_20,718064020,R_20,0,R_20,156000,R_20,239200,R_20,42995191,R_20,43390391,R_20,84442581,IF20,37088876,R_20,121452502,IF20,3329426,IF20,59802771,IF20,5438762,R_20,6610446,IF20,1703,R_20,15562,R_20,17265,R_20,1389622,R_20,44225213,IF20,11861098,IF20,7877363,R_20,115957732,R_20,32206723,R_20,29440266,R_20,86517466,R_20,22307476,R_20,51747742,R_20,138265208,R_20,6978116,IF20,7053414,IF20,109176,IF20,71268,IF20,9166,IF20,2542940,IF20,1862716,IF20,152674,IF20,8845,IF20,3981941,IF20,10176565,IF20,57402685,01/01/2020,12/31/2020,39,2021,03
OK,3255364,R_20,3219371,3956971,119,R_20,96,R_20,4,R_20,280.44,IF20,984.16,R_20,559.35,R_20,1543.51,R_20,129438066,R_20,1666332,R_20,436736,R_20,5924622,R_20,137465756,R_20,62985325,R_20,22338288,R_20,85323613,R_20,6561319,R_20,7670179,R_20,2700262,R_20,16931760,R_20,22589225,R_20,124844598,R_20,249999,R_20,0,R_20,9190,R_20,1489678,R_20,1748867,R_20,5923564,R_20,5799339,R_20,7166584,R_20,320404,R_20,2600677,R_20,598398,R_20,187274,R_20,508,R_20,5236,R_20,5744,R_20,465856,R_20,9563212,IF20,1311582,IF20,1823694,R_20,21101935,IF20,7359726,R_20,5512333,IF20,15589602,R_20,5424195,IF20,10936528,IF20,26526130,IF20,28968,IF20,57524,IF20,39283,R_20,19882,R_20,5503,R_20,954205,R_20,562485,R_20,60013,R_20,3290,R_20,1966942,R_20,4196389,IF20,9531133,07/01/2019,06/30/2020,40,2021,06
OR,4677994,R_20,3930818,4236400,138,R_20,83,R_20,5,R_20,452.96,IF20,539.26,IF20,1435.52,IF20,1974.78,IF20,265827743,IF20,811465,IF20,1050039,IF20,13291940,IF20,280981187,IF20,105567240,IF20,60489024,IF20,166056264,IF20,10449376,IF20,12397252,IF20,2539733,IF20,25386361,IF20,59174497,IF20,250617122,IF20,10371736,IF20,7000,IF20,0,IF20,1602654,IF20,11981390,IF20,11778270,IF20,8587061,R_20,11633991,R_20,604820,R_20,6081854,R_20,1022758,R_20,770183,R_20,1085,R_20,3384,R_20,4469,R_20,344451,R_20,13501598,IF20,1304000,IF20,2124045,IF20,43074003,IF20,9007148,IF20,9832282,IF20,33241721,IF20,2346165,IF20,12178447,IF20,45420168,IF20,48039,R_20,44773,R_20,51350,IF20,33251,IF20,4932,IF20,1187974,IF20,921579,IF20,67243,IF20,2959,IF20,1724048,IF20,7507785,IF20,18696571,07/01/2019,06/30/2020,41,2021,08
PA,12436746,R_20,12434855,12702379,443,R_20,175,R_20,21,R_20,1112.37,IF20,1384.09,IF20,2844.07,IF20,4228.16,IF20,208586858,IF20,59980310,IF20,24423149,IF20,58466919,IF20,351457236,IF20,182627062,IF20,65866246,IF20,248493308,IF20,16635373,IF20,12011448,IF20,3695770,IF20,32342591,IF20,79053005,IF20,359888904,IF20,509105,R_20,129384,R_20,0,R_20,6942175,R_20,7580664,R_20,21328228,R_20,23440175,IF20,11320142,IF20,1677229,IF20,5895741,IF20,2106017,IF20,1562712,IF20,6474,IF20,48276,R_20,54750,IF20,793128,R_20,16920514,IF20,4579739,IF20,5097876,IF20,46452036,IF20,12164829,IF20,17321378,IF20,29130658,IF20,12558769,IF20,29880147,IF20,59010805,IF20,3416682,IF20,3434816,IF20,145607,IF20,90716,IF20,15125,IF20,3567463,IF20,2684855,IF20,209654,IF20,7044,IF20,1834670,IF20,4575637,IF20,25903974,01/01/2020,12/31/2020,42,2021,02
RI,1424662,R_20,1052566,1052566,47,R_20,24,R_20,2,R_20,236.83,R_20,260.93,R_20,349.7,R_20,610.63,R_20,37399911,R_20,9248084,R_20,906618,R_20,8526920,R_20,56081533,R_20,29533524,R_20,9814624,R_20,39348148,R_20,2188313,R_20,1347020,R_20,558031,R_20,4093364,R_20,9876339,R_20,53317851,R_20,341903,R_20,544239,R_20,450000,R_20,2798222,R_20,4134364,R_20,1599957,R_20,3080587,R_20,5159507,R_20,143372,R_20,1402402,R_20,284740,R_20,64249,R_20,200,R_20,1824,R_20,2024,R_20,117047,R_20,3701021,R_20,400547,R_20,378392,R_20,5671090,R_20,1858111,R_20,1115676,R_20,4555414,R_20,383604744,R_20,384720420,R_20,389275834,R_20,922995,R_20,925593,R_20,29158,R_20,10620,R_20,2678,R_20,435323,R_20,164862,R_20,31635,R_20,1410,R_20,504338,R_20,546636,R_20,2357807,07/01/2019,06/30/2020,44,2021,01
SC,4652360,R_20,4652360,4652360,42,R_20,163,R_20,33,R_20,530.1,R_20,604.63,R_20,1489.93,R_20,2094.56,R_20,155152142,R_20,10248278,R_20,356398,R_20,4350244,R_20,170107062,R_20,78918652,R_20,32108978,R_20,111027630,R_20,9601085,R_20,8013665,R_20,3002234,R_20,20616984,R_20,28054669,R_20,159699283,R_20,7937037,R_20,0,R_20,100000,R_20,0,R_20,8037037,R_20,7347910,R_20,8223237,R_20,5318132,R_20,392652,R_20,3646090,R_20,808705,R_20,378449,R_20,391,R_20,2310,R_20,2701,R_20,473541,R_20,10165262,R_20,1922349,R_20,2541516,R_20,18891176,R_20,6010266,R_20,5317937,R_20,13573239,R_20,10558999,R_20,15876936,R_20,29450175,R_20,282708,R_20,299076,R_20,46164,R_20,21855,R_20,4734,R_20,887152,R_20,613115,R_20,82213,R_20,4439,R_20,2450646,R_20,2472239,R_20,19878453,07/01/2019,06/30/2020,45,2021,05
SD,1277428,R_20,790528,886677,108,R_20,30,R_20,5,R_20,49.7,R_20,170.98,R_20,172.38,R_20,343.36,R_20,26784329,R_20,909,R_20,466491,R_20,796179,R_20,28047908,R_20,14106940,R_20,4556069,R_20,18663009,R_20,1710453,R_20,1004350,R_20,356073,R_20,3070876,R_20,4848147,R_20,26582032,R_20,774059,R_20,0,R_20,0,R_20,383334,R_20,1157393,R_20,1131739,R_20,2698945,R_20,2307345,R_20,109303,R_20,928798,R_20,170599,R_20,4415,R_20,175,R_20,6372,R_20,6547,R_20,160688,R_20,1480357,IF20,201909,IF20,353866,R_20,4141704,IF20,1555005,IF20,920997,IF20,3220707,IF20,425026,IF20,1346023,IF20,4566730,IF20,25224,R_20,28003,R_20,7309,R_20,5087,R_20,800,R_20,113755,R_20,83791,R_20,8659,R_20,952,R_20,318418,IF20,556660,IF20,1904456,01/01/2020,12/31/2020,46,2021,04
TN,6656447,R_20,6656447,6829174,185,R_20,99,R_20,3,R_20,297.93,R_20,641.03,R_20,1257.66,R_20,1898.69,R_20,134205915,R_20,375679,R_20,437692,R_20,5747103,R_20,140766389,R_20,69512778,R_20,25015313,R_20,94528091,R_20,8022671,R_20,4326982,R_20,1032617,R_20,13382270,R_20,28636571,R_20,136546932,R_20,11104092,R_20,15280,R_20,800,R_20,253954,R_20,11374126,R_20,10148062,R_20,10275228,R_20,26243486,R_20,484490,R_20,13673273,IF20,798104,R_20,648155,IF20,452,R_20,12395,R_20,12847,R_20,581517,R_20,12990646,IF20,2624839,IF20,3098704,R_20,24648012,R_20,8359392,R_20,7884101,R_20,16763911,R_20,3803260,IF20,11687361,IF20,28451272,IF20,98615,IF20,116143,IF20,61948,R_20,32123,R_20,6808,R_20,1426810,R_20,958700,R_20,116804,R_20,5790,R_20,2786144,R_20,3694690,IF20,18025841,07/01/2019,06/30/2020,47,2021,05
TX,26710375,IF20,26710375,28995881,553,R_20,327,R_20,13,R_20,1699.33,IF20,2584.74,IF20,4221.39,IF20,6806.13,IF20,576560812,IF20,33550,IF20,2351202,IF20,18874550,IF20,597820114,IF20,282618383,IF20,115028764,IF20,397647147,IF20,31545353,IF20,27303651,IF20,7334576,IF20,66183580,IF20,107877367,IF20,571708094,IF20,63720547,IF20,400000,IF20,105183,IF20,4490970,IF20,68716700,IF20,40668333,IF20,34571175,IF20,17065978,IF20,1693235,IF20,5950275,IF20,3354375,IF20,652070,IF20,2762,IF20,33283,IF20,36045,IF20,1326772,R_20,35191610,IF20,8768944,IF20,14560845,IF20,85736215,IF20,34464959,IF20,22891020,IF20,62845195,IF20,22301072,IF20,45192092,IF20,108037287,IF20,476815,IF20,785485,IF20,191543,IF20,94140,IF20,17715,IF20,3928661,IF20,2618928,IF20,248976,IF20,18608,IF20,5674921,IF20,56432070,IF20,50886259,02/01/2019,12/31/2020,48,2021,06
UT,3141334,R_20,3133255,3205958,62,R_20,63,R_20,13,R_20,275.63,IF20,467.61,IF20,926.9,IF20,1394.51,IF20,126700714,IF20,1525269,IF20,1830269,IF20,2953718,IF20,133009970,IF20,55191793,IF20,24897175,IF20,80088968,IF20,8248801,IF20,4724507,IF20,2246991,IF20,15220299,IF20,25574653,IF20,120883920,IF20,6009093,IF20,0,IF20,5000,IF20,10733151,IF20,16747244,IF20,22507910,IF20,6267986,IF20,6468692,R_20,569817,IF20,11496970,R_20,710809,IF20,418759,R_20,277,IF20,3839,R_20,4116,IF20,219664,R_20,8589522,IF20,1417492,IF20,1781388,IF20,26885212,IF20,10766405,IF20,7214312,R_20,19670900,IF20,1945051,IF20,9159363,IF20,28830263,IF20,33931,IF20,30356,R_20,27094,IF20,16516,IF20,3429,IF20,817670,IF20,557394,IF20,81128,IF20,1887,IF20,886840,IF20,2288814,IF20,15097483,07/01/2019,12/31/2020,49,2021,07
VA,8460940,R_20,8438123,8586967,82,R_20,283,R_20,23,R_20,947,R_20,1073,R_20,3204.9,R_20,4277.9,R_20,292231333,R_20,16737044,R_20,34646,R_20,2596805,R_20,311599828,R_20,168162226,R_20,58694944,R_20,226857170,R_20,16930952,R_20,10427065,R_20,4055437,R_20,31413454,R_20,49778928,R_20,308049552,R_20,21160482,R_20,500000,R_20,0,R_20,78045,R_20,21738527,R_20,9146032,R_20,14920907,R_20,20238130,R_20,827211,R_20,12257786,R_20,1333015,R_20,1147637,R_20,884,R_20,4092,R_20,4976,R_20,862761,R_20,23266470,R_20,5017867,IF20,4810580,R_20,49066827,R_20,18448666,R_20,11034565,R_20,38032262,R_20,11427488,R_20,22462053,R_20,60494315,R_20,110036,IF20,138188,IF20,99953,R_20,53383,R_20,9329,IF20,2051132,R_20,1302839,R_20,142473,IF20,8044,R_20,4031226,IF20,15163812,IF20,29212439,07/01/2019,06/30/2020,51,2021,05
VI,106405,R_20,106405,106405,0,R_20,5,R_20,3,R_20,2,R_20,2,R_20,22,R_20,24,R_20,0,R_20,842015,R_20,109827,R_20,0,R_20,951842,R_20,450383,R_20,240251,R_20,690634,R_20,44187,R_20,0,R_20,0,R_20,44187,R_20,217020,R_20,951841,R_20,-1,U_20,-1,U_20,-1,U_20,-1,U_20,-1,U_20,-1,U_20,176762,R_20,-1,U_20,629,R_20,-1,U_20,4637,R_20,-1,U_20,-1,U_20,-1,U_20,-1,U_20,4528,R_20,-1,U_20,-1,U_20,-1,U_20,9000,R_20,3000,R_20,0,R_20,9000,R_20,0,R_20,0,R_20,9000,R_20,-1,U_20,-1,U_20,4,R_20,3,R_20,1,R_20,100,R_20,70,R_20,30,R_20,15,R_20,-1,U_20,-1,U_20,-1,10/01/2019,09/30/2020,78,2021,09
VT,634191,R_20,602130,624313,183,R_20,3,R_20,4,R_20,79.92,IF20,250.32,IF20,135.16,IF20,385.48,IF20,22702192,IF20,0,R_20,89602,IF20,4184478,IF20,26976272,IF20,15467725,IF20,4005799,IF20,19473524,IF20,1663754,IF20,497408,IF20,341277,IF20,2502439,IF20,5446759,IF20,27422722,IF20,832280,IF20,54268,IF20,90764,IF20,1642643,IF20,2619955,IF20,7967122,IF20,2918311,IF20,2024971,IF20,132046,IF20,1658692,IF20,255398,IF20,1953,IF20,807,IF20,9384,R_20,10191,IF20,204921,R_20,2506720,IF20,311734,IF20,324569,IF20,3847671,IF20,1420182,IF20,565751,IF20,3281920,IF20,207115,IF20,772866,IF20,4054786,IF20,72023,IF20,74425,IF20,25271,IF20,13155,IF20,1573,IF20,394951,IF20,247722,IF20,12185,IF20,1342,IF20,329412,IF20,674351,IF20,1485337,01/01/2019,12/31/2020,50,2021,01
WA,7544343,R_20,7544343,7656200,52,R_20,301,R_20,30,R_20,721.83,IF20,802.78,IF20,3190.24,IF20,3993.02,IF20,491822132,IF20,459944,IF20,1196475,IF20,13261724,IF20,506740275,IF20,230104267,IF20,91628436,IF20,321732703,IF20,17634716,IF20,30629938,IF20,4840520,IF20,53105174,IF20,87166239,IF20,462004116,IF20,6722316,IF20,1039855,IF20,0,IF20,4780379,IF20,12542550,IF20,19241816,IF20,11617107,IF20,4942445,IF20,840319,IF20,3127239,IF20,1300398,IF20,378459,IF20,1113,IF20,2055,R_20,3168,IF20,151292,R_20,9749970,IF20,1123726,IF20,3998819,IF20,52360887,IF20,12650153,IF20,27844385,IF20,24516502,IF20,10756432,IF20,38600817,IF20,63117319,IF20,511718,IF20,536751,IF20,27170,IF20,15535,IF20,4619,IF20,731625,IF20,547633,IF20,73782,IF20,6494,IF20,1473349,IF20,5013499,IF20,33265439,01/01/2020,12/31/2020,53,2021,08
WI,5854594,R_20,5854594,5854594,378,R_20,81,R_20,8,R_20,816.71,IF20,1310.74,R_20,1806.99,R_20,3117.73,R_20,236433187,R_20,4162425,R_20,6468723,R_20,24750195,R_20,271814530,R_20,128982952,R_20,42362629,R_20,171345581,R_20,14401622,R_20,4086981,R_20,4809528,R_20,23298131,R_20,50719011,R_20,245362723,R_20,9825039,R_20,0,R_20,605261,R_20,4598199,R_20,15028499,R_20,13695541,R_20,17675746,R_20,59778512,IF20,1460586,R_20,24880082,IF20,2358307,R_20,310519,IF20,2121,R_20,24320,R_20,26441,R_20,674587,R_20,12743232,IF20,2371523,IF20,2945216,IF20,34224303,IF20,10748329,R_20,7410248,IF20,26814055,R_20,3956665,IF20,11366913,IF20,38180968,IF20,6349450,R_20,6478671,R_20,51555,R_20,29370,IF20,4651,IF20,1037471,IF20,690029,IF20,51375,IF20,6120,R_20,1140821,IF20,8497438,IF20,14428425,01/01/2020,12/31/2020,55,2021,03
WV,1852994,R_20,1852994,1852994,96,R_20,74,R_20,9,R_20,83.12,R_20,378.17,R_20,264.06,R_20,642.23,R_20,29629311,R_20,10022621,R_20,647651,R_20,3461669,R_20,43761252,R_20,19359638,R_20,5849360,R_20,25208998,R_20,2626046,R_20,1880950,R_20,479592,R_20,4986588,R_20,7890903,R_20,38086489,R_20,377007,R_20,126191,R_20,267188,R_20,770620,R_20,1541006,R_20,3915955,R_20,4565740,R_20,11160770,IF20,192773,R_20,5342418,R_20,363640,R_20,785806,R_20,331,R_20,1632,R_20,1963,R_20,286721,R_20,3250156,IF20,480776,IF20,1040123,R_20,5152186,IF20,1546603,IF20,1205596,IF20,3946590,R_20,691512,IF20,1897108,IF20,5843698,IF20,99209,IF20,99068,IF20,21650,R_20,13856,R_20,1611,R_20,392129,R_20,262617,R_20,16793,R_20,1360,R_20,450706,IF20,165965,R_20,3473294,07/01/2019,06/30/2020,54,2021,05
WY,578759,R_20,578759,578759,23,R_20,51,R_20,2,R_20,49.93,IF20,169.51,R_20,231.74,R_20,401.25,R_20,31356177,R_20,3649,IF20,0,IF20,2750088,R_20,34109914,IF20,17015915,R_20,7055651,R_20,24071566,R_20,1393499,R_20,556333,IF20,425417,R_20,2375249,IF20,5598601,R_20,32045416,IF20,105473,IF20,0,IF20,0,IF20,0,IF20,105473,IF20,222205,IF20,2056842,R_20,2209890,R_20,151296,R_20,542993,R_20,251649,R_20,92838,IF20,63,IF20,1794,R_20,1857,IF20,122326,R_20,2257827,IF20,347926,IF20,342452,R_20,4067451,IF20,1540596,R_20,619231,IF20,3448220,R_20,3111518,R_20,3730749,IF20,7178969,IF20,22561,R_20,19152,R_20,12673,R_20,7962,R_20,1435,R_20,267696,R_20,200974,R_20,19341,R_20,725,R_20,371804,IF20,336296,IF20,545989,07/01/2019,06/30/2020,56,2021,07
